Author,State,closed_at,created_at,issue_number,labels,OriginationPhase,DetectionPhase,Category,Priority,Status,Address,OritinationPhase,Latitude,Longitude,Detection,Origination
DSP19SCM782,open,,2019-04-21,491,"['Category:Bug', 'DetectionPhase:Field', 'OriginationPhase:Field', 'Priority:Major', 'Status:pendingReview']",Field,Field,Bug,Major,pendingReview,,,,,,
DSP19SCM782,open,,2019-04-21,490,"['Category:Bug', 'DetectionPhase:Design', 'OriginationPhase:Testing', 'Priority:High', 'Status:pendingReview']",Testing,Design,Bug,High,pendingReview,,,,,,
DSP19SCM781,open,,2019-04-21,489,"['Category:Enhancement', 'DetectionPhase:Coding', 'OriginationPhase:Requirements', 'Priority:Low', 'Status:Completed']",Requirements,Coding,Enhancement,Low,Completed,,,,,,
DSP19SCM781,open,,2019-04-21,488,"['Category:Bug', 'DetectionPhase:Testing', 'OriginationPhase:Field', 'Priority:Low', 'Status:Rejected']",Field,Testing,Bug,Low,Rejected,,,,,,
DSP19SCM781,open,,2019-04-21,487,"['Category:Inquiry', 'DetectionPhase:Design', 'OriginationPhase:Documentation', 'Priority:Major', 'Status:pendingReview']",Documentation,Design,Inquiry,Major,pendingReview,,,,,,
SSP19SCM781,open,,2019-04-20,486,"['Category:Enhancement', 'DetectionPhase:Design', 'OriginationPhase:Testing', 'Priority:Medium', 'Status:pendingReview']",Testing,Design,Enhancement,Medium,pendingReview,,,,,,
SSP19SCM781,open,,2019-04-20,485,"['Category:Enhancement', 'DetectionPhase:Field', 'OriginationPhase:Testing', 'Priority:Critical', 'Status:Approved']",Testing,Field,Enhancement,Critical,Approved,,,,,,
SSP19SCM781,open,,2019-04-20,484,"['Category:Inquiry', 'DetectionPhase:Field', 'OriginationPhase:Design', 'Priority:High', 'Status:inProgress']",Design,Field,Inquiry,High,inProgress,,,,,,
SSP19SCM782,open,,2019-04-20,483,"['Category:Inquiry', 'DetectionPhase:Field', 'OriginationPhase:Field', 'Priority:High', 'Status:Approved']",Field,Field,Inquiry,High,Approved,,,,,,
SSP19SCM782,open,,2019-04-20,482,"['Category:Bug', 'DetectionPhase:Field', 'OriginationPhase:Field', 'Priority:Major', 'Status:inProgress']",Field,Field,Bug,Major,inProgress,,,,,,
JSP19SCM03G,closed,2019-04-20,2019-04-20,480,"['Category:Enhancement', 'DetectionPhase:Testing', 'OriginationPhase:Requirements', 'Priority:Critical', 'Status:Completed']",Requirements,Testing,Enhancement,Critical,Completed,,,,,,
ZSP19SCM65P,open,,2019-04-20,479,"['Address:McDonalds 2525 S King Dr Chicago 60616', 'Category:Bug', 'DetectionPhase:Design', 'OriginationPhase:Design', 'Priority:Medium', 'Status:Approved']",Design,Design,Bug,Medium,Approved,McDonalds 2525 S King Dr Chicago 60616,,,,,
YSP19SCM26X,closed,2019-04-19,2019-04-18,477,"['Category:Inquiry', 'DetectionPhase:Field', 'OriginationPhase:Testing', 'Priority:High', 'Status:inProgress']",Testing,Field,Inquiry,High,inProgress,,,,,,
RSP19SCM781,open,,2019-04-18,476,"['Category:Bug', 'DetectionPhase:Field', 'OriginationPhase:Documentation', 'Priority:High', 'Status:inProgress']",Documentation,Field,Bug,High,inProgress,,,,,,
RSP19SCM781,open,,2019-04-18,475,"['Category:Inquiry', 'DetectionPhase:Design', 'OriginationPhase:Testing', 'Priority:Major', 'Status:inProgress']",Testing,Design,Inquiry,Major,inProgress,,,,,,
TSP19SCM782,open,,2019-04-18,474,"['Category:Enhancement', 'DetectionPhase:Design', 'OriginationPhase:Testing', 'Priority:Medium', 'Status:Rejected']",Testing,Design,Enhancement,Medium,Rejected,,,,,,
TSP19SCM782,open,,2019-04-18,473,"['Category:Bug', 'DetectionPhase:Design', 'OriginationPhase:Testing', 'Priority:Major', 'Status:inProgress']",Testing,Design,Bug,Major,inProgress,,,,,,
TSP19SCM782,open,,2019-04-18,472,"['Category:Enhancement', 'DetectionPhase:Testing', 'OriginationPhase:Design', 'Priority:Low', 'Status:pendingReview']",Design,Testing,Enhancement,Low,pendingReview,,,,,,
DSP19SCM782,open,,2019-04-18,471,"['Category:Inquiry', 'DetectionPhase:Design', 'OriginationPhase:Requirements', 'Priority:Major', 'Status:Completed']",Requirements,Design,Inquiry,Major,Completed,,,,,,
DSP19SCM782,open,,2019-04-18,470,"['Category:Bug', 'DetectionPhase:Testing', 'OriginationPhase:Coding', 'Priority:Major', 'Status:Completed']",Coding,Testing,Bug,Major,Completed,,,,,,
TSP19SCM781,open,,2019-04-18,469,"['Category:Enhancement', 'DetectionPhase:Field', 'OriginationPhase:Field', 'Priority:High', 'Status:inProgress']",Field,Field,Enhancement,High,inProgress,,,,,,
TSP19SCM781,open,,2019-04-18,468,"['Category:Bug', 'DetectionPhase:Field', 'OriginationPhase:Requirements', 'Priority:High', 'Status:pendingReview']",Requirements,Field,Bug,High,pendingReview,,,,,,
TSP19SCM781,open,,2019-04-18,467,"['Category:Inquiry', 'DetectionPhase:Field', 'OritinationPhase:Design', 'Priority:Critical', 'Status:Rejected']",,Field,Inquiry,Critical,Rejected,,Design,,,,
YSP19SCM26X,closed,2019-04-18,2019-04-18,465,"['Address:2525 S Martin Luther King Dr Chicago 60616', 'Category:Bug', 'DetectionPhase:Design', 'Latitude:41.847200', 'Longitude:-87.617188', 'OriginationPhase:Requirements', 'Priority:Critical', 'Status:Approved']",Requirements,Design,Bug,Critical,Approved,2525 S Martin Luther King Dr Chicago 60616,,41.847200,-87.617188,,
SSP19SCM782,open,,2019-04-17,464,"['Category:Bug', 'DetectionPhase:Coding', 'OriginationPhase:Testing', 'Priority:Major', 'Status:Completed']",Testing,Coding,Bug,Major,Completed,,,,,,
SSP19SCM782,open,,2019-04-17,463,"['Category:Inquiry', 'DetectionPhase:Testing', 'OritinationPhase:Design', 'Priority:Low', 'Status:pendingReview']",,Testing,Inquiry,Low,pendingReview,,Design,,,,
SSP19SCM781,open,,2019-04-17,462,"['Category:Enhancement', 'DetectionPhase:Design', 'OritinationPhase:Design', 'Priority:Major', 'Status:Approved']",,Design,Enhancement,Major,Approved,,Design,,,,
SSP19SCM781,open,,2019-04-17,461,"['Category:Inquiry', 'DetectionPhase:Field', 'OriginationPhase:Documentation', 'Priority:Medium', 'Status:Rejected']",Documentation,Field,Inquiry,Medium,Rejected,,,,,,
SSP19SCM781,closed,2019-04-21,2019-04-17,460,"['Category:Enhancement', 'DetectionPhase:Design', 'OriginationPhase:Requirements', 'Priority:Low', 'Status:pendingReview']",Requirements,Design,Enhancement,Low,pendingReview,,,,,,
DSP19SCM782,closed,2019-04-21,2019-04-17,459,"['Category:Enhancement', 'DetectionPhase:Field', 'OriginationPhase:Field', 'Priority:High', 'Status:inProgress']",Field,Field,Enhancement,High,inProgress,,,,,,
DSP19SCM782,open,,2019-04-17,458,"['Category:Bug', 'DetectionPhase:Field', 'OriginationPhase:Documentation', 'Priority:High', 'Status:Approved']",Documentation,Field,Bug,High,Approved,,,,,,
DSP19SCM782,closed,2019-04-21,2019-04-17,457,"['Category:Inquiry', 'DetectionPhase:Field', 'OritinationPhase:Design', 'Priority:Critical', 'Status:inProgress']",,Field,Inquiry,Critical,inProgress,,Design,,,,
DSP19SCM781,closed,2019-04-21,2019-04-17,456,"['Category:Inquiry', 'DetectionPhase:Field', 'OriginationPhase:Testing', 'Priority:Critical', 'Status:Completed']",Testing,Field,Inquiry,Critical,Completed,,,,,,
DSP19SCM781,open,,2019-04-17,455,"['Category:Inquiry', 'DetectionPhase:Field', 'OriginationPhase:Coding', 'Priority:Critical', 'Status:Approved']",Coding,Field,Inquiry,Critical,Approved,,,,,,
SSP19SCM782,open,,2019-04-16,454,"['Category:Enhancement', 'DetectionPhase:Design', 'OriginationPhase:Requirements', 'Priority:Medium', 'Status:Rejected']",Requirements,Design,Enhancement,Medium,Rejected,,,,,,
SSP19SCM782,closed,2019-04-21,2019-04-16,453,"['Category:Bug', 'DetectionPhase:Testing', 'OriginationPhase:Requirements', 'Priority:Major', 'Status:Rejected']",Requirements,Testing,Bug,Major,Rejected,,,,,,
SSP19SCM781,open,,2019-04-16,452,"['Category:Enhancement', 'DetectionPhase:Design', 'OritinationPhase:Design', 'Priority:Major', 'Status:Completed']",,Design,Enhancement,Major,Completed,,Design,,,,
SSP19SCM781,closed,2019-04-21,2019-04-16,451,"['Category:Bug', 'DetectionPhase:Testing', 'OriginationPhase:Testing', 'Priority:Low', 'Status:Rejected']",Testing,Testing,Bug,Low,Rejected,,,,,,
SSP19SCM781,open,,2019-04-16,450,"['Category:Enhancement', 'DetectionPhase:Design', 'OriginationPhase:Requirements', 'Priority:Major', 'Status:pendingReview']",Requirements,Design,Enhancement,Major,pendingReview,,,,,,
DSP19SCM782,closed,2019-04-21,2019-04-16,449,"['Category:Enhancement', 'DetectionPhase:Field', 'OriginationPhase:Documentation', 'Priority:High', 'Status:inProgress']",Documentation,Field,Enhancement,High,inProgress,,,,,,
DSP19SCM782,closed,2019-04-21,2019-04-16,448,"['Category:Inquiry', 'DetectionPhase:Field', 'OriginationPhase:Testing', 'Priority:High', 'Status:Approved']",Testing,Field,Inquiry,High,Approved,,,,,,
DSP19SCM782,closed,2019-04-21,2019-04-16,447,"['Category:Bug', 'DetectionPhase:Field', 'OriginationPhase:Field', 'Priority:Critical', 'Status:inProgress']",Field,Field,Bug,Critical,inProgress,,,,,,
DSP19SCM781,closed,2019-04-21,2019-04-16,446,"['Category:Enhancement', 'DetectionPhase:Field', 'OriginationPhase:Documentation', 'Priority:Critical', 'Status:Approved']",Documentation,Field,Enhancement,Critical,Approved,,,,,,
DSP19SCM781,closed,2019-04-18,2019-04-16,445,"['Category:Inquiry', 'DetectionPhase:Field', 'OritinationPhase:Design', 'Priority:Critical', 'Status:Completed']",,Field,Inquiry,Critical,Completed,,Design,,,,
TSP19SCM781,closed,2019-04-18,2019-04-15,444,"['Category:Enhancement', 'DetectionPhase:Design', 'OriginationPhase:Testing', 'Priority:Major', 'Status:inProgress']",Testing,Design,Enhancement,Major,inProgress,,,,,,
TSP19SCM781,closed,2019-04-18,2019-04-15,443,"['Category:Enhancement', 'DetectionPhase:Testing', 'OriginationPhase:Testing', 'Priority:Medium', 'Status:pendingReview']",Testing,Testing,Enhancement,Medium,pendingReview,,,,,,
TSP19SCM782,closed,2019-04-18,2019-04-15,442,"['Category:Bug', 'DetectionPhase:Design', 'OriginationPhase:Requirements', 'Priority:Major', 'Status:Rejected']",Requirements,Design,Bug,Major,Rejected,,,,,,
TSP19SCM782,closed,2019-04-18,2019-04-15,441,"['Category:Inquiry', 'DetectionPhase:Coding', 'OritinationPhase:Design', 'Priority:Low', 'Status:pendingReview']",,Coding,Inquiry,Low,pendingReview,,Design,,,,
TSP19SCM782,closed,2019-04-18,2019-04-15,440,"['Category:Enhancement', 'DetectionPhase:Field', 'OriginationPhase:Requirements', 'Priority:Critical', 'Status:pendingReview']",Requirements,Field,Enhancement,Critical,pendingReview,,,,,,
RSP19SCM782,closed,2019-04-18,2019-04-15,439,"['Category:Inquiry', 'DetectionPhase:Field', 'OriginationPhase:Field', 'Priority:High', 'Status:inProgress']",Field,Field,Inquiry,High,inProgress,,,,,,
RSP19SCM782,closed,2019-04-18,2019-04-15,438,"['Category:Inquiry', 'DetectionPhase:Field', 'OriginationPhase:Requirements', 'Priority:High', 'Status:Approved']",Requirements,Field,Inquiry,High,Approved,,,,,,
RSP19SCM782,closed,2019-04-18,2019-04-15,437,"['Category:Inquiry', 'DetectionPhase:Field', 'OritinationPhase:Design', 'Priority:Critical', 'Status:inProgress']",,Field,Inquiry,Critical,inProgress,,Design,,,,
RSP19SCM781,closed,2019-04-18,2019-04-15,436,"['Category:Bug', 'DetectionPhase:Field', 'OriginationPhase:Requirements', 'Priority:Critical', 'Status:Approved']",Requirements,Field,Bug,Critical,Approved,,,,,,
RSP19SCM781,closed,2019-04-17,2019-04-15,435,"['Category:Inquiry', 'DetectionPhase:Field', 'OriginationPhase:Design', 'Priority:Critical', 'Status:Completed']",Design,Field,Inquiry,Critical,Completed,,,,,,
SSP19SCM782,closed,2019-04-17,2019-04-14,434,"['Category:Inquiry', 'DetectionPhase:Field', 'OritinationPhase:Design', 'Priority:Medium', 'Status:Approved']",,Field,Inquiry,Medium,Approved,,Design,,,,
SSP19SCM782,closed,2019-04-17,2019-04-14,433,"['Category:Enhancement', 'DetectionPhase:Testing', 'OriginationPhase:Testing', 'Priority:Major', 'Status:Rejected']",Testing,Testing,Enhancement,Major,Rejected,,,,,,
SSP19SCM782,closed,2019-04-17,2019-04-14,432,"['Category:Inquiry', 'DetectionPhase:Coding', 'OriginationPhase:Design', 'Priority:Major', 'Status:pendingReview']",Design,Coding,Inquiry,Major,pendingReview,,,,,,
SSP19SCM782,closed,2019-04-17,2019-04-14,431,"['Category:Enhancement', 'DetectionPhase:Field', 'OriginationPhase:Requirements', 'Priority:High', 'Status:Rejected']",Requirements,Field,Enhancement,High,Rejected,,,,,,
SSP19SCM782,closed,2019-04-17,2019-04-14,430,"['Category:Inquiry', 'DetectionPhase:Design', 'OriginationPhase:Requirements', 'Priority:Major', 'Status:Completed']",Requirements,Design,Inquiry,Major,Completed,,,,,,
TSP19SCM781,closed,2019-04-15,2019-04-14,429,"['Category:Inquiry', 'DetectionPhase:Field', 'OriginationPhase:Testing', 'Priority:High', 'Status:inProgress']",Testing,Field,Inquiry,High,inProgress,,,,,,
TSP19SCM781,closed,2019-04-17,2019-04-14,428,"['Category:Enhancement', 'DetectionPhase:Field', 'OriginationPhase:Documentation', 'Priority:High', 'Status:Approved']",Documentation,Field,Enhancement,High,Approved,,,,,,
TSP19SCM781,closed,2019-04-15,2019-04-14,427,"['Category:Bug', 'DetectionPhase:Field', 'OriginationPhase:Field', 'Priority:Critical', 'Status:inProgress']",Field,Field,Bug,Critical,inProgress,,,,,,
TSP19SCM781,closed,2019-04-17,2019-04-14,426,"['Category:Inquiry', 'DetectionPhase:Field', 'OriginationPhase:Documentation', 'Priority:Critical', 'Status:Completed']",Documentation,Field,Inquiry,Critical,Completed,,,,,,
TSP19SCM781,closed,2019-04-15,2019-04-14,425,"['Category:Enhancement', 'DetectionPhase:Field', 'OritinationPhase:Design', 'Priority:Critical', 'Status:Approved']",,Field,Enhancement,Critical,Approved,,Design,,,,
SSP19SCM81Y,closed,2019-04-20,2019-04-13,423,"['Category:Bug', 'DetectionPhase:Testing', 'OriginationPhase:Requirements', 'Priority:Major', 'Status:Approved']",Requirements,Testing,Bug,Major,Approved,,,,,,
SSP19SCM782,closed,2019-04-15,2019-04-13,422,"['Category:Bug', 'DetectionPhase:Field', 'OriginationPhase:Documentation', 'Priority:High', 'Status:pendingReview']",Documentation,Field,Bug,High,pendingReview,,,,,,
SSP19SCM782,closed,2019-04-17,2019-04-13,421,"['Category:Inquiry', 'DetectionPhase:Field', 'OriginationPhase:Field', 'Priority:Critical', 'Status:Completed']",Field,Field,Inquiry,Critical,Completed,,,,,,
SSP19SCM782,closed,2019-04-15,2019-04-13,420,"['Category:Enhancement', 'DetectionPhase:Field', 'OritinationPhase:Design', 'Priority:Critical', 'Status:inProgress']",,Field,Enhancement,Critical,inProgress,,Design,,,,
SSP19SCM782,closed,2019-04-17,2019-04-13,419,"['Category:Bug', 'DetectionPhase:Field', 'OriginationPhase:Requirements', 'Priority:Critical', 'Status:Approved']",Requirements,Field,Bug,Critical,Approved,,,,,,
SSP19SCM781,closed,2019-04-16,2019-04-13,418,"['Category:Enhancement', 'DetectionPhase:Field', 'OriginationPhase:Requirements', 'Priority:High', 'Status:Completed']",Requirements,Field,Enhancement,High,Completed,,,,,,
SSP19SCM781,closed,2019-04-16,2019-04-13,417,"['Category:Bug', 'DetectionPhase:Field', 'OriginationPhase:Requirements', 'Priority:Critical', 'Status:inProgress']",Requirements,Field,Bug,Critical,inProgress,,,,,,
SSP19SCM781,closed,2019-04-16,2019-04-13,416,"['Category:Inquiry', 'DetectionPhase:Field', 'OriginationPhase:Requirements', 'Priority:High', 'Status:inProgress']",Requirements,Field,Inquiry,High,inProgress,,,,,,
SSP19SCM781,closed,2019-04-16,2019-04-13,415,"['Category:Enhancement', 'DetectionPhase:Field', 'OritinationPhase:Design', 'Priority:Critical', 'Status:Approved']",,Field,Enhancement,Critical,Approved,,Design,,,,
SSP19SCM781,closed,2019-04-16,2019-04-13,414,"['Category:Inquiry', 'DetectionPhase:Field', 'OriginationPhase:Testing', 'Priority:High', 'Status:Completed']",Testing,Field,Inquiry,High,Completed,,,,,,
SSP19SCM781,closed,2019-04-16,2019-04-13,413,"['Category:Enhancement', 'DetectionPhase:Field', 'OriginationPhase:Requirements', 'Priority:Critical', 'Status:inProgress']",Requirements,Field,Enhancement,Critical,inProgress,,,,,,
PSP19SCM80S,closed,2019-04-14,2019-04-13,412,"['Category:Inquiry', 'DetectionPhase:Field', 'OriginationPhase:Coding', 'Priority:High', 'Status:inProgress']",Coding,Field,Inquiry,High,inProgress,,,,,,
JSP19SCM33G,closed,2019-04-11,2019-04-11,410,"['Category:Bug', 'DetectionPhase:Testing', 'OriginationPhase:Requirements', 'Priority:Critical', 'Status:Approved']",Requirements,Testing,Bug,Critical,Approved,,,,,,
DSP19SCM781,closed,2019-04-14,2019-04-11,409,"['Category:Bug', 'DetectionPhase:Design', 'OriginationPhase:Field', 'Priority:Major', 'Status:inProgress']",Field,Design,Bug,Major,inProgress,,,,,,
DSP19SCM781,closed,2019-04-14,2019-04-11,408,"['Category:Inquiry', 'DetectionPhase:Testing', 'OriginationPhase:Requirements', 'Priority:Medium', 'Status:Rejected']",Requirements,Testing,Inquiry,Medium,Rejected,,,,,,
RSP19SCM782,closed,2019-04-14,2019-04-11,407,"['Category:Enhancement', 'DetectionPhase:Design', 'OriginationPhase:Field', 'Priority:Medium', 'Status:Approved']",Field,Design,Enhancement,Medium,Approved,,,,,,
RSP19SCM782,closed,2019-04-16,2019-04-11,406,"['Category:Enhancement', 'DetectionPhase:Coding', 'OriginationPhase:Coding', 'Priority:High', 'Status:Completed']",Coding,Coding,Enhancement,High,Completed,,,,,,
RSP19SCM781,closed,2019-04-16,2019-04-11,405,"['Category:Inquiry', 'DetectionPhase:Field', 'OritinationPhase:Design', 'Priority:Major', 'Status:Rejected']",,Field,Inquiry,Major,Rejected,,Design,,,,
RSP19SCM781,closed,2019-04-16,2019-04-11,404,"['Category:Bug', 'DetectionPhase:Design', 'OriginationPhase:Documentation', 'Priority:High', 'Status:pendingReview']",Documentation,Design,Bug,High,pendingReview,,,,,,
TSP19SCM782,closed,2019-04-16,2019-04-11,403,"['Category:Enhancement', 'DetectionPhase:Testing', 'OritinationPhase:Design', 'Priority:High', 'Status:pendingReview']",,Testing,Enhancement,High,pendingReview,,Design,,,,
TSP19SCM782,closed,2019-04-15,2019-04-11,402,"['Category:Inquiry', 'DetectionPhase:Design', 'OriginationPhase:Field', 'Priority:Low', 'Status:Rejected']",Field,Design,Inquiry,Low,Rejected,,,,,,
TSP19SCM781,closed,2019-04-15,2019-04-11,401,"['Category:Bug', 'DetectionPhase:Testing', 'OriginationPhase:Requirements', 'Priority:Major', 'Status:inProgress']",Requirements,Testing,Bug,Major,inProgress,,,,,,
TSP19SCM781,closed,2019-04-15,2019-04-11,400,"['Category:Enhancement', 'DetectionPhase:Field', 'OriginationPhase:Documentation', 'Priority:Critical', 'Status:Completed']",Documentation,Field,Enhancement,Critical,Completed,,,,,,
HSP19SCM81A,closed,2019-04-11,2019-04-10,397,"['Category:Bug', 'Detection:Testing', 'Origination:Requirements', 'Priority:Critical', 'Status:Approved']",,,Bug,Critical,Approved,,,,,Testing,Requirements
SSP19SCM781,closed,2019-04-15,2019-04-10,396,"['Category:Enhancement', 'DetectionPhase:Field', 'OriginationPhase:Documentation', 'Priority:Major', 'Status:Completed']",Documentation,Field,Enhancement,Major,Completed,,,,,,
SSP19SCM781,closed,2019-04-14,2019-04-10,395,"['Category:Enhancement', 'DetectionPhase:Field', 'OriginationPhase:Testing', 'Priority:Critical', 'Status:Completed']",Testing,Field,Enhancement,Critical,Completed,,,,,,
SSP19SCM781,closed,2019-04-11,2019-04-10,394,"['Category:Bug', 'DetectionPhase:Design', 'OritinationPhase:Design', 'Priority:Critical', 'Status:Approved']",,Design,Bug,Critical,Approved,,Design,,,,
SSP19SCM781,closed,2019-04-11,2019-04-10,393,"['Category:Inquiry', 'DetectionPhase:Coding', 'OriginationPhase:Design', 'Priority:Major', 'Status:Rejected']",Design,Coding,Inquiry,Major,Rejected,,,,,,
SSP19SCM781,closed,2019-04-11,2019-04-10,392,"['Category:Enhancement', 'DetectionPhase:Field', 'OriginationPhase:Testing', 'Priority:Medium', 'Status:pendingReview']",Testing,Field,Enhancement,Medium,pendingReview,,,,,,
SSP19SCM781,closed,2019-04-11,2019-04-10,391,"['Category:Enhancement', 'DetectionPhase:Field', 'OriginationPhase:Documentation', 'Priority:High', 'Status:pendingReview']",Documentation,Field,Enhancement,High,pendingReview,,,,,,
SSP19SCM781,closed,2019-04-14,2019-04-10,390,"['Category:Inquiry', 'DetectionPhase:Design', 'OritinationPhase:Design', 'Priority:Low', 'Status:Completed']",,Design,Inquiry,Low,Completed,,Design,,,,
SSP19SCM781,closed,2019-04-14,2019-04-10,389,"['Category:Bug', 'DetectionPhase:Testing', 'OriginationPhase:Requirements', 'Priority:Critical', 'Status:Approved']",Requirements,Testing,Bug,Critical,Approved,,,,,,
SSP19SCM781,closed,2019-04-11,2019-04-10,388,"['Category:Bug', 'DetectionPhase:Coding', 'OritinationPhase:Design', 'Priority:Major', 'Status:Rejected']",,Coding,Bug,Major,Rejected,,Design,,,,
SSP19SCM781,closed,2019-04-14,2019-04-10,387,"['Category:Enhancement', 'DetectionPhase:Field', 'OriginationPhase:Documentation', 'Priority:High', 'Status:inProgress']",Documentation,Field,Enhancement,High,inProgress,,,,,,
MSP19SCM07P,closed,2019-04-10,2019-04-10,383,"['Category:Bug', 'Detection:Testing', 'Origination:Requirements', 'Priority:Critical', 'Status:Approved']",,,Bug,Critical,Approved,,,,,Testing,Requirements
PSP19SCM76K,closed,2019-04-10,2019-04-10,380,"['Category:Inquiry', 'DetectionPhase:Field', 'OriginationPhase:Coding', 'Priority:Low', 'Status:inProgress']",Coding,Field,Inquiry,Low,inProgress,,,,,,
CSP19SCM35G,closed,2019-04-10,2019-04-10,377,"['Category:Bug', 'DetectionPhase:Testing', 'OriginationPhase:Requirements', 'Priority:Critical', 'Status:Approved']",Requirements,Testing,Bug,Critical,Approved,,,,,,
CSP19SCM35G,closed,2019-04-10,2019-04-10,376,[],,,,,,,,,,,
ajha8,closed,2019-04-10,2019-04-10,374,"['Category:Inquiry', 'DetectionPhase:Field', 'OriginationPhase:Coding', 'Priority:Low', 'Status:inProgress']",Coding,Field,Inquiry,Low,inProgress,,,,,,
SSP19SCM40G,closed,2019-04-10,2019-04-10,371,"['Category:Inquiry', 'DetectionPhase:Field', 'OriginationPhase:Coding', 'OriginationPhase:Documentation', 'OriginationPhase:Field', 'OriginationPhase:Testing', 'Priority:High', 'Priority:Low', 'Priority:Medium', 'Status:inProgress', 'Status:pendingReview']",Testing,Field,Inquiry,Medium,pendingReview,,,,,,
KSP19SCM20P,closed,2019-04-10,2019-04-10,370,"['Category:Inquiry', 'DetectionPhase:Field', 'OriginationPhase:Coding', 'Priority:High', 'Status:inProgress']",Coding,Field,Inquiry,High,inProgress,,,,,,
ASP19SCM09A,closed,2019-04-10,2019-04-10,369,"['Category:Bug', 'DetectionPhase:Testing', 'OriginationPhase:Requirements', 'Priority:Critical', 'Status:Approved']",Requirements,Testing,Bug,Critical,Approved,,,,,,
MSP19SCM00A,closed,2019-04-10,2019-04-10,364,"['Category:Inquiry', 'DetectionPhase:Field', 'OriginationPhase:Coding', 'Priority:High', 'Status:inProgress']",Coding,Field,Inquiry,High,inProgress,,,,,,
RSP19SCM781,closed,2019-04-11,2019-04-10,362,"['Category:Inquiry', 'DetectionPhase:Field', 'OriginationPhase:Documentation', 'Priority:Critical', 'Status:Approved']",Documentation,Field,Inquiry,Critical,Approved,,,,,,
RSP19SCM781,closed,2019-04-14,2019-04-10,361,"['Category:Bug', 'DetectionPhase:Design', 'OriginationPhase:Requirements', 'Priority:Major', 'Status:Rejected']",Requirements,Design,Bug,Major,Rejected,,,,,,
RSP19SCM781,closed,2019-04-14,2019-04-10,360,"['Category:Enhancement', 'DetectionPhase:Design', 'OritinationPhase:Design', 'Priority:Major', 'Status:Completed']",,Design,Enhancement,Major,Completed,,Design,,,,
RSP19SCM781,closed,2019-04-11,2019-04-10,359,"['Category:Bug', 'DetectionPhase:Field', 'OriginationPhase:Testing', 'Priority:Major', 'Status:inProgress']",Testing,Field,Bug,Major,inProgress,,,,,,
TSP19SCM782,closed,2019-04-13,2019-04-10,358,"['Category:Inquiry', 'DetectionPhase:Field', 'OriginationPhase:Requirements', 'Priority:Low', 'Status:Approved']",Requirements,Field,Inquiry,Low,Approved,,,,,,
TSP19SCM782,closed,2019-04-15,2019-04-10,357,"['Category:Enhancement', 'DetectionPhase:Design', 'OriginationPhase:Coding', 'Priority:Critical', 'Status:inProgress']",Coding,Design,Enhancement,Critical,inProgress,,,,,,
TSP19SCM782,closed,2019-04-13,2019-04-10,356,"['Category:Enhancement', 'DetectionPhase:Testing', 'OriginationPhase:Design', 'Priority:Major', 'Status:Rejected']",Design,Testing,Enhancement,Major,Rejected,,,,,,
TSP19SCM782,closed,2019-04-13,2019-04-10,355,"['Category:Inquiry', 'DetectionPhase:Design', 'OriginationPhase:Field', 'Priority:Major', 'Status:Rejected']",Field,Design,Inquiry,Major,Rejected,,,,,,
TSP19SCM781,closed,2019-04-13,2019-04-10,354,"['Category:Bug', 'DetectionPhase:Testing', 'OriginationPhase:Requirements', 'Priority:Major', 'Status:pendingReview']",Requirements,Testing,Bug,Major,pendingReview,,,,,,
TSP19SCM781,closed,2019-04-13,2019-04-10,352,"['Category:Enhancement', 'DetectionPhase:Field', 'OriginationPhase:Documentation', 'Priority:High', 'Status:inProgress']",Documentation,Field,Enhancement,High,inProgress,,,,,,
shiwanshukr,closed,2019-04-10,2019-04-10,351,"['Category:Inquiry', 'DetectionPhase:Field', 'OriginationPhase:Coding', 'Priority:High', 'Status:inProgress']",Coding,Field,Inquiry,High,inProgress,,,,,,
ZSP19SCM13W,closed,2019-04-10,2019-04-10,349,"['Category:Bug', 'Detection:Testing', 'Origination:Requirements', 'Priority:Major', 'Status:Approved']",,,Bug,Major,Approved,,,,,Testing,Requirements
CSP19SCM35G,closed,2019-04-10,2019-04-10,348,"['Category:Inquiry', 'DetectionPhase:Field', 'OriginationPhase:Coding', 'Priority:Medium', 'Status:inProgress']",Coding,Field,Inquiry,Medium,inProgress,,,,,,
ASP19SCM61G,closed,2019-04-10,2019-04-10,347,"['Category:Bug', 'DetectionPhase:Testing', 'OriginationPhase:Requirements', 'Priority:Critical', 'Status:Approved']",Requirements,Testing,Bug,Critical,Approved,,,,,,
HSP19SCM39P,closed,2019-04-10,2019-04-10,345,"['Category:Bug', 'DetectionPhase:Testing', 'OriginationPhase:Requirements', 'Priority:Critical', 'Status:Approved']",Requirements,Testing,Bug,Critical,Approved,,,,,,
TSP19SCM80P,closed,2019-04-10,2019-04-09,341,"['Category:Inquiry', 'DetectionPhase:Field', 'OriginationPhase:Coding', 'Priority:Medium', 'Status:inProgress']",Coding,Field,Inquiry,Medium,inProgress,,,,,,
ASP19SCM71S,closed,2019-04-10,2019-04-09,338,"['Category:Enhancement', 'Detection:Testing', 'Origination:Requirements', 'Priority:Major', 'Status:Completed']",,,Enhancement,Major,Completed,,,,,Testing,Requirements
KSP19SCM90B,closed,2019-04-10,2019-04-09,337,"['Category:Inquiry', 'DetectionPhase:Field', 'OriginationPhase:Coding', 'Priority:Low', 'Status:inProgress']",Coding,Field,Inquiry,Low,inProgress,,,,,,
SSP19SCM21B,closed,2019-04-09,2019-04-09,336,"['Category:Enhancement', 'DetectionPhase:Testing', 'OriginationPhase:Requirements', 'Priority:Critical', 'Status:Completed']",Requirements,Testing,Enhancement,Critical,Completed,,,,,,
KSP19SCM75S,open,,2019-04-09,335,"['Category:Bug', 'Detection:Testing', 'OriginationPhase:Requirements', 'Priority:Critical', 'Status:Approved']",Requirements,,Bug,Critical,Approved,,,,,Testing,
MinakshyRamachandran,open,,2019-04-09,333,"['Category:Inquiry', 'DetectionPhase:Field', 'OriginationPhase:Documentation', 'Priority:Low', 'Status:inProgress']",Documentation,Field,Inquiry,Low,inProgress,,,,,,
MSP19SCM59K,closed,2019-04-09,2019-04-09,329,"['Category:Bug', 'DetectionPhase:Testing', 'OriginationPhase:Requirements', 'Priority:Critical', 'Status:Approved']",Requirements,Testing,Bug,Critical,Approved,,,,,,
FSP19SCM57S,closed,2019-04-10,2019-04-09,328,"['Category:Bug', 'Detection:Testing', 'Origination:Requirements', 'Priority:Critical', 'Status:Approved']",,,Bug,Critical,Approved,,,,,Testing,Requirements
SSP19SCM44W,closed,2019-04-10,2019-04-09,327,"['Category:Inquiry', 'DetectionPhase:Field', 'OriginationPhase:Coding', 'Priority:Medium', 'Status:inProgress']",Coding,Field,Inquiry,Medium,inProgress,,,,,,
PSP19SCM08P,closed,2019-04-09,2019-04-09,326,"['Category:Inquiry', 'DetectionPhase:Field', 'OriginationPhase:Coding', 'Priority:Low', 'Status:inProgress']",Coding,Field,Inquiry,Low,inProgress,,,,,,
MSP19SCM63X,closed,2019-04-09,2019-04-09,324,"['Category:Enhancement', 'DetectionPhase:Testing', 'OriginationPhase:Design', 'Priority:Critical', 'Status:Approved']",Design,Testing,Enhancement,Critical,Approved,,,,,,
RSP19SCM71C,closed,2019-04-09,2019-04-09,322,"['Category:Bug', 'DetectionPhase:Testing', 'OriginationPhase:Requirements', 'Priority:Critical', 'Status:Approved']",Requirements,Testing,Bug,Critical,Approved,,,,,,
PSP19SCM07S,closed,2019-04-09,2019-04-09,319,"['Category:Enhancement', 'DetectionPhase:Testing', 'OriginationPhase:Requirements', 'Priority:Major', 'Status:Approved']",Requirements,Testing,Enhancement,Major,Approved,,,,,,
ASP19SCM57V,closed,2019-04-09,2019-04-09,318,"['Category:Enhancement', 'DetectionPhase:Testing', 'OriginationPhase:Requirements', 'Priority:Major', 'Status:Approved']",Requirements,Testing,Enhancement,Major,Approved,,,,,,
ASP19SCM32A,open,,2019-04-09,316,"['Category:Inquiry', 'DetectionPhase:Field', 'OriginationPhase:Coding', 'Priority:High', 'Status:inProgress']",Coding,Field,Inquiry,High,inProgress,,,,,,
JSP19SCM86L,closed,2019-04-09,2019-04-09,313,"['Category:Inquiry', 'DetectionPhase:Field', 'OriginationPhase:Coding', 'Priority:High', 'Status:inProgress']",Coding,Field,Inquiry,High,inProgress,,,,,,
CSP19SCM54G,closed,2019-04-09,2019-04-09,312,"['Category:Inquiry', 'DetectionPhase:Field', 'OriginationPhase:Coding', 'Priority:High', 'Status:inProgress']",Coding,Field,Inquiry,High,inProgress,,,,,,
ASP19SCM59K,closed,2019-04-10,2019-04-09,310,"['Category:Enhancement', 'Detection:Testing', 'Origination:Requirements', 'Priority:Critical', 'Status:Approved']",,,Enhancement,Critical,Approved,,,,,Testing,Requirements
ASP19SCM23W,closed,2019-04-09,2019-04-09,306,"['Category:Bug', 'DetectionPhase:Testing', 'OriginationPhase:Design', 'Priority:Critical', 'Status:Completed']",Design,Testing,Bug,Critical,Completed,,,,,,
MSP19SCM59K,closed,2019-04-09,2019-04-09,305,"['Category:Bug', 'DetectionPhase:Testing', 'OriginationPhase:Requirements', 'Priority:Critical', 'Status:Approved']",Requirements,Testing,Bug,Critical,Approved,,,,,,
SSP19SCM52K,closed,2019-04-10,2019-04-09,304,"['Category:Inquiry', 'DetectionPhase:Field', 'OriginationPhase:Field', 'Priority:Medium', 'Status:pendingReview']",Field,Field,Inquiry,Medium,pendingReview,,,,,,
fashokkumar,closed,2019-04-09,2019-04-09,303,"['Category:Inquiry', 'DetectionPhase:Field', 'OriginationPhase:Field', 'Priority:Medium', 'Status:pendingReview']",Field,Field,Inquiry,Medium,pendingReview,,,,,,
NSP19SCM30A,closed,2019-04-09,2019-04-09,302,"['Category:Inquiry', 'DetectionPhase:Field', 'OriginationPhase:Field', 'Priority:Medium', 'Status:pendingReview']",Field,Field,Inquiry,Medium,pendingReview,,,,,,
DSP19SCM781,closed,2019-04-13,2019-04-09,300,"['Category:Enhancement', 'DetectionPhase:Field', 'OriginationPhase:Coding', 'Priority:Major', 'Status:Completed']",Coding,Field,Enhancement,Major,Completed,,,,,,
DSP19SCM781,closed,2019-04-13,2019-04-09,299,"['Category:Bug', 'DetectionPhase:Design', 'OriginationPhase:Testing', 'Priority:Low', 'Status:Completed']",Testing,Design,Bug,Low,Completed,,,,,,
DSP19SCM781,closed,2019-04-10,2019-04-09,298,"['Category:Enhancement', 'DetectionPhase:Design', 'OritinationPhase:Design', 'Priority:Major', 'Status:Completed']",,Design,Enhancement,Major,Completed,,Design,,,,
DSP19SCM781,closed,2019-04-10,2019-04-09,297,"['Category:Enhancement', 'DetectionPhase:Field', 'OriginationPhase:Testing', 'Priority:Medium', 'Status:Approved']",Testing,Field,Enhancement,Medium,Approved,,,,,,
DSP19SCM781,closed,2019-04-10,2019-04-09,296,"['Category:Enhancement', 'DetectionPhase:Design', 'OriginationPhase:Testing', 'Priority:High', 'Status:inProgress']",Testing,Design,Enhancement,High,inProgress,,,,,,
SSP19SCM781,closed,2019-04-13,2019-04-09,295,"['Category:Bug', 'DetectionPhase:Coding', 'OriginationPhase:Testing', 'Priority:Low', 'Status:pendingReview']",Testing,Coding,Bug,Low,pendingReview,,,,,,
SSP19SCM781,closed,2019-04-11,2019-04-09,294,"['Category:Enhancement', 'DetectionPhase:Field', 'OriginationPhase:Requirements', 'Priority:Low', 'Status:Completed']",Requirements,Field,Enhancement,Low,Completed,,,,,,
RSP19SCM781,closed,2019-04-10,2019-04-09,293,"['Category:Inquiry', 'DetectionPhase:Testing', 'OritinationPhase:Design', 'Priority:Major', 'Status:inProgress']",,Testing,Inquiry,Major,inProgress,,Design,,,,
RSP19SCM781,closed,2019-04-13,2019-04-09,292,"['Category:Enhancement', 'DetectionPhase:Coding', 'OriginationPhase:Field', 'Priority:Low', 'Status:Completed']",Field,Coding,Enhancement,Low,Completed,,,,,,
SSP19SCM75K,closed,2019-04-09,2019-04-09,291,"['Category:Enhancement', 'Detection:Testing', 'Origination:Requirements', 'Priority:Major', 'Status:Rejected']",,,Enhancement,Major,Rejected,,,,,Testing,Requirements
VSP19SCM12C,closed,2019-04-09,2019-04-08,288,"['Category:Inquiry', 'DetectionPhase:Field', 'OriginationPhase:Coding', 'Priority:High', 'Status:pendingReview']",Coding,Field,Inquiry,High,pendingReview,,,,,,
XSP19SCM71C,closed,2019-04-09,2019-04-08,287,"['Category:Bug', 'DetectionPhase:Testing', 'OriginationPhase:Requirements', 'Priority:Critical', 'Status:Approved']",Requirements,Testing,Bug,Critical,Approved,,,,,,
MehulSin,closed,2019-04-09,2019-04-08,284,"['Category:Bug', 'DetectionPhase:Testing', 'OriginationPhase:Requirements', 'Priority:Critical', 'Status:Approved']",Requirements,Testing,Bug,Critical,Approved,,,,,,
YSP19SCM81M,closed,2019-04-09,2019-04-08,282,"['Category:Bug', 'DetectionPhase:Testing', 'OriginationPhase:Requirements', 'Priority:Critical', 'Status:Approved']",Requirements,Testing,Bug,Critical,Approved,,,,,,
RSP19SCM781,closed,2019-04-10,2019-04-08,281,"['Category:Enhancement', 'DetectionPhase:Field', 'OriginationPhase:Requirements', 'Priority:Critical', 'Status:pendingReview']",Requirements,Field,Enhancement,Critical,pendingReview,,,,,,
RSP19SCM781,closed,2019-04-10,2019-04-08,280,"['Category:Enhancement', 'DetectionPhase:Design', 'OriginationPhase:Requirements', 'Priority:Low', 'Status:Approved']",Requirements,Design,Enhancement,Low,Approved,,,,,,
RSP19SCM781,closed,2019-04-10,2019-04-08,279,"['Category:Inquiry', 'DetectionPhase:Field', 'OritinationPhase:Design', 'Priority:Medium', 'Status:Completed']",,Field,Inquiry,Medium,Completed,,Design,,,,
RSP19SCM781,closed,2019-04-10,2019-04-08,278,"['Category:Enhancement', 'DetectionPhase:Design', 'OritinationPhase:Design', 'Priority:Low', 'Status:Completed']",,Design,Enhancement,Low,Completed,,Design,,,,
SSP19SCM781,closed,2019-04-11,2019-04-08,277,"['Category:Bug', 'DetectionPhase:Field', 'OriginationPhase:Requirements', 'Priority:Medium', 'Status:pendingReview']",Requirements,Field,Bug,Medium,pendingReview,,,,,,
SSP19SCM781,closed,2019-04-13,2019-04-08,276,"['Category:Enhancement', 'DetectionPhase:Coding', 'OriginationPhase:Coding', 'Priority:Major', 'Status:inProgress']",Coding,Coding,Enhancement,Major,inProgress,,,,,,
SSP19SCM781,closed,2019-04-10,2019-04-08,275,"['Category:Enhancement', 'DetectionPhase:Testing', 'OriginationPhase:Design', 'Priority:High', 'Status:Completed']",Design,Testing,Enhancement,High,Completed,,,,,,
SSP19SCM782,closed,2019-04-10,2019-04-08,274,"['Category:Inquiry', 'DetectionPhase:Field', 'OriginationPhase:Documentation', 'Priority:High', 'Status:Rejected']",Documentation,Field,Inquiry,High,Rejected,,,,,,
SSP19SCM782,closed,2019-04-11,2019-04-08,273,"['Category:Bug', 'DetectionPhase:Coding', 'OritinationPhase:Design', 'Priority:Low', 'Status:pendingReview']",,Coding,Bug,Low,pendingReview,,Design,,,,
SSP19SCM782,closed,2019-04-10,2019-04-08,272,"['Category:Inquiry', 'DetectionPhase:Field', 'OriginationPhase:Field', 'Priority:Low', 'Status:Approved']",Field,Field,Inquiry,Low,Approved,,,,,,
VSP19SCM70K,closed,2019-04-08,2019-04-08,269,"['Category:Inquiry', 'DetectionPhase:Field', 'OriginationPhase:Coding', 'Priority:High', 'Status:inProgress']",Coding,Field,Inquiry,High,inProgress,,,,,,
JSP19SCM65Z,closed,2019-04-08,2019-04-08,268,"['Category:Bug', 'DetectionPhase:Testing', 'OriginationPhase:Requirements', 'Priority:Major', 'Status:Completed']",Requirements,Testing,Bug,Major,Completed,,,,,,
JSP19SCM42J,open,,2019-04-07,267,"['Category:Inquiry', 'DetectionPhase:Field', 'OriginationPhase:Documentation', 'Priority:Medium', 'Status:inProgress']",Documentation,Field,Inquiry,Medium,inProgress,,,,,,
JSP19SCM42J,closed,2019-04-07,2019-04-07,266,[],,,,,,,,,,,
JSP19SCM13R,closed,2019-04-08,2019-04-07,263,"['Category:Bug', 'DetectionPhase:Testing', 'OriginationPhase:Requirements', 'Priority:Major', 'Status:Approved']",Requirements,Testing,Bug,Major,Approved,,,,,,
rdhande,closed,2019-04-08,2019-04-07,262,"['Category:Enhancement', 'DetectionPhase:Testing', 'OriginationPhase:Requirements', 'Priority:Critical', 'Status:Completed']",Requirements,Testing,Enhancement,Critical,Completed,,,,,,
SSP19SCM98G,closed,2019-04-08,2019-04-07,260,"['Category:Inquiry', 'DetectionPhase:Field', 'OriginationPhase:Documentation', 'Priority:High', 'Status:pendingReview']",Documentation,Field,Inquiry,High,pendingReview,,,,,,
ASP19SCM00V,closed,2019-04-08,2019-04-07,258,"['Category:Inquiry', 'DetectionPhase:Field', 'OriginationPhase:Documentation', 'Priority:High', 'Status:inProgress']",Documentation,Field,Inquiry,High,inProgress,,,,,,
HSP19SCM72L,closed,2019-04-07,2019-04-07,255,"['Category:Inquiry', 'DetectionPhase:Field', 'OriginationPhase:Coding', 'Priority:High', 'Status:pendingReview']",Coding,Field,Inquiry,High,pendingReview,,,,,,
JSP19SCM13R,closed,2019-04-07,2019-04-06,253,"['Category:Bug', 'DetectionPhase:Testing', 'OriginationPhase:Requirements', 'Priority:Major', 'Status:Approved']",Requirements,Testing,Bug,Major,Approved,,,,,,
PSP19SCM38K,closed,2019-04-07,2019-04-06,251,"['Category:Inquiry', 'DetectionPhase:Field', 'OriginationPhase:Coding', 'Priority:High', 'Status:inProgress']",Coding,Field,Inquiry,High,inProgress,,,,,,
MSP19SCM18H,closed,2019-04-06,2019-04-06,249,"['Category:Inquiry', 'DetectionPhase:Field', 'OriginationPhase:Coding', 'Priority:High', 'Status:inProgress']",Coding,Field,Inquiry,High,inProgress,,,,,,
HSP19SCM19M,closed,2019-04-06,2019-04-05,246,"['Category:Enhancement', 'DetectionPhase:Testing', 'OriginationPhase:Requirements', 'Priority:Major', 'Status:Approved']",Requirements,Testing,Enhancement,Major,Approved,,,,,,
TSP19SCM781,closed,2019-04-09,2019-04-05,244,"['Category:Enhancement', 'DetectionPhase:Design', 'OriginationPhase:Documentation', 'Priority:Medium', 'Status:Completed']",Documentation,Design,Enhancement,Medium,Completed,,,,,,
TSP19SCM781,closed,2019-04-09,2019-04-05,243,"['Category:Inquiry', 'DetectionPhase:Field', 'OriginationPhase:Requirements', 'Priority:Major', 'Status:Completed']",Requirements,Field,Inquiry,Major,Completed,,,,,,
SSP19SCM782,closed,2019-04-09,2019-04-05,242,"['Category:Enhancement', 'DetectionPhase:Testing', 'OritinationPhase:Design', 'Priority:High', 'Status:pendingReview']",,Testing,Enhancement,High,pendingReview,,Design,,,,
SSP19SCM782,closed,2019-04-09,2019-04-05,241,"['Category:Bug', 'DetectionPhase:Design', 'OriginationPhase:Documentation', 'Priority:Major', 'Status:pendingReview']",Documentation,Design,Bug,Major,pendingReview,,,,,,
SSP19SCM781,closed,2019-04-09,2019-04-05,240,"['Category:Bug', 'DetectionPhase:Coding', 'OriginationPhase:Field', 'Priority:High', 'Status:Approved']",Field,Coding,Bug,High,Approved,,,,,,
SSP19SCM781,closed,2019-04-10,2019-04-05,239,"['Category:Bug', 'DetectionPhase:Design', 'OriginationPhase:Documentation', 'Priority:Major', 'Status:pendingReview']",Documentation,Design,Bug,Major,pendingReview,,,,,,
RSP19SCM782,closed,2019-04-10,2019-04-05,238,"['Category:Inquiry', 'DetectionPhase:Testing', 'OriginationPhase:Field', 'Priority:High', 'Status:Completed']",Field,Testing,Inquiry,High,Completed,,,,,,
RSP19SCM782,closed,2019-04-10,2019-04-05,237,"['Category:Enhancement', 'DetectionPhase:Design', 'OritinationPhase:Design', 'Priority:Medium', 'Status:Rejected']",,Design,Enhancement,Medium,Rejected,,Design,,,,
RSP19SCM781,closed,2019-04-10,2019-04-05,236,"['Category:Bug', 'DetectionPhase:Field', 'OritinationPhase:Design', 'Priority:Major', 'Status:inProgress']",,Field,Bug,Major,inProgress,,Design,,,,
RSP19SCM781,closed,2019-04-10,2019-04-05,235,"['Category:Inquiry', 'DetectionPhase:Testing', 'OriginationPhase:Design', 'Priority:Major', 'Status:inProgress']",Design,Testing,Inquiry,Major,inProgress,,,,,,
PSP19SCM40J,closed,2019-04-05,2019-04-05,232,"['Category:Inquiry', 'DetectionPhase:Field', 'OriginationPhase:Coding', 'Priority:High', 'Status:pendingReview']",Coding,Field,Inquiry,High,pendingReview,,,,,,
RSP19SCM73K,closed,2019-04-05,2019-04-05,231,"['Category:Enhancement', 'DetectionPhase:Testing', 'OriginationPhase:Requirements', 'Priority:High', 'Status:Approved']",Requirements,Testing,Enhancement,High,Approved,,,,,,
ZSP19SCM13W,closed,2019-04-06,2019-04-05,230,"['Address:McDonalds 3867 S Archer Ave 60632', 'Category:Bug', 'DetectionPhase:Design', 'Latitude:41.823292', 'Longitude:-87.688828', 'OriginationPhase:Requirements', 'Priority:High', 'Status:pendingReview']",Requirements,Design,Bug,High,pendingReview,McDonalds 3867 S Archer Ave 60632,,41.823292,-87.688828,,
ZSP19SCM13W,closed,2019-04-05,2019-04-05,229,[],,,,,,,,,,,
WSP19SCM39H,closed,2019-04-05,2019-04-05,227,"['Category:Bug', 'DetectionPhase:Testing', 'OriginationPhase:Requirements', 'Priority:High', 'Status:Approved']",Requirements,Testing,Bug,High,Approved,,,,,,
ZSP19SCM95D,closed,2019-04-05,2019-04-05,226,"['Category:Bug', 'DetectionPhase:Testing', 'OriginationPhase:Requirements', 'Priority:High', 'Status:Approved']",Requirements,Testing,Bug,High,Approved,,,,,,
RSP19SCM781,closed,2019-04-07,2019-04-05,225,"['Category:Enhancement', 'DetectionPhase:Coding', 'OriginationPhase:Requirements', 'Priority:Medium', 'Status:inProgress']",Requirements,Coding,Enhancement,Medium,inProgress,,,,,,
RSP19SCM781,closed,2019-04-07,2019-04-05,224,"['Category:Inquiry', 'DetectionPhase:Design', 'OriginationPhase:Design', 'Priority:Low', 'Status:pendingReview']",Design,Design,Inquiry,Low,pendingReview,,,,,,
SPM587SP19,closed,2019-04-07,2019-04-05,223,"['Category:Enhancement', 'DetectionPhase:Coding', 'OriginationPhase:Design', 'Priority:Major', 'Status:pendingReview']",Design,Coding,Enhancement,Major,pendingReview,,,,,,
SPM587SP19,closed,2019-04-09,2019-04-05,222,"['Category:Enhancement', 'DetectionPhase:Design', 'OritinationPhase:Design', 'Priority:Low', 'Status:Completed']",,Design,Enhancement,Low,Completed,,Design,,,,
SPM587SP19,closed,2019-04-09,2019-04-05,221,"['Category:Enhancement', 'DetectionPhase:Testing', 'OriginationPhase:Testing', 'Priority:Medium', 'Status:Rejected']",Testing,Testing,Enhancement,Medium,Rejected,,,,,,
SPM587SP19,closed,2019-04-08,2019-04-05,220,"['Category:Enhancement', 'DetectionPhase:Design', 'OriginationPhase:Requirements', 'Priority:Low', 'Status:Completed']",Requirements,Design,Enhancement,Low,Completed,,,,,,
TSP19SCM782,closed,2019-04-10,2019-04-05,219,"['Category:Inquiry', 'DetectionPhase:Coding', 'OriginationPhase:Requirements', 'Priority:High', 'Status:pendingReview']",Requirements,Coding,Inquiry,High,pendingReview,,,,,,
TSP19SCM782,closed,2019-04-08,2019-04-05,218,"['Category:Inquiry', 'DetectionPhase:Design', 'OriginationPhase:Field', 'Priority:High', 'Status:inProgress']",Field,Design,Inquiry,High,inProgress,,,,,,
TSP19SCM781,closed,2019-04-09,2019-04-05,217,"['Category:Inquiry', 'DetectionPhase:Coding', 'OriginationPhase:Requirements', 'Priority:Medium', 'Status:Rejected']",Requirements,Coding,Inquiry,Medium,Rejected,,,,,,
TSP19SCM781,closed,2019-04-08,2019-04-05,216,"['Category:Enhancement', 'DetectionPhase:Coding', 'OriginationPhase:Coding', 'Priority:Major', 'Status:Completed']",Coding,Coding,Enhancement,Major,Completed,,,,,,
JSP19SCM03G,closed,2019-04-04,2019-04-04,211,"['Address:536 Post Road Fairfield CT 06824', 'Category:Bug', 'DetectionPhase:Design', 'Latitude:41.144', 'Longitude:-73.249570', 'OriginationPhase:Requirements', 'Priority:Medium', 'Status:Approved']",Requirements,Design,Bug,Medium,Approved,536 Post Road Fairfield CT 06824,,41.144,-73.249570,,
MSP19SCM63X,closed,2019-04-04,2019-04-04,210,"['Address:1737 W Fullerton Ave Chicago IL 60614', 'Category:Bug', 'DetectionPhase:Design', 'Latitude:41.925091', 'Longitude:-87.671829', 'Priority:Medium', 'Status:pendingReview']",,Design,Bug,Medium,pendingReview,1737 W Fullerton Ave Chicago IL 60614,,41.925091,-87.671829,,
PSP19SCM80S,closed,2019-04-04,2019-04-04,208,"['Address:McDonalds 2525 S King Dr Chicago 60616', 'Category:Bug', 'DetectionPhase:Design', 'Latitude:41.847200', 'Longitude:-87.617190', 'Priority:Medium', 'Status:pendingReview']",,Design,Bug,Medium,pendingReview,McDonalds 2525 S King Dr Chicago 60616,,41.847200,-87.617190,,
SSP19SCM40G,closed,2019-04-04,2019-04-04,206,"['Address:McDonalds 2301 S. lake shore Chicago 60616', 'Category:Bug', 'DetectionPhase:Design', 'Latitude:41.847198', 'Longitude:-87.633531', 'OritinationPhase:Design', 'Priority:Medium', 'Status:pendingReview']",,Design,Bug,Medium,pendingReview,McDonalds 2301 S. lake shore Chicago 60616,Design,41.847198,-87.633531,,
MSP19SCM59K,closed,2019-04-04,2019-04-04,200,"['Address:McDonalds 3867 S Archer Ave 60632', 'Category:Bug', 'DetectionPhase:Design', 'Latitude:41.823292', 'Longitude:-87.688828', 'OriginationPhase:Requirements', 'Priority:Medium', 'Status:pendingReview']",Requirements,Design,Bug,Medium,pendingReview,McDonalds 3867 S Archer Ave 60632,,41.823292,-87.688828,,
HSP19SCM39P,closed,2019-04-04,2019-04-04,199,"['Address:McDonalds 2525 S King Dr Chicago 60616', 'Category:Bug', 'DetectionPhase:Design', 'Latitude:41.847200', 'Longitude:-87.617190', 'OriginationPhase:Requirements', 'Priority:Medium', 'Status:pendingReview']",Requirements,Design,Bug,Medium,pendingReview,McDonalds 2525 S King Dr Chicago 60616,,41.847200,-87.617190,,
ASP19SCM09A,closed,2019-04-04,2019-04-04,198,"['Address:McDonalds 2525 S King Dr Chicago 60616', 'Category:Bug', 'DetectionPhase:Design', 'Latitude:41.847200', 'Longitude:-87.617190', 'OriginationPhase:Requirements', 'Priority:Medium', 'Status:pendingReview']",Requirements,Design,Bug,Medium,pendingReview,McDonalds 2525 S King Dr Chicago 60616,,41.847200,-87.617190,,
KSP19SCM20P,closed,2019-04-04,2019-04-04,197,"['Address:McDonalds 2525 S King Dr Chicago 60616', 'Category:Bug', 'DetectionPhase:Design', 'Latitude:41.847200', 'Longitude:-87.617190', 'OriginationPhase:Requirements', 'Priority:Medium', 'Status:pendingReview']",Requirements,Design,Bug,Medium,pendingReview,McDonalds 2525 S King Dr Chicago 60616,,41.847200,-87.617190,,
SSP19SCM75K,closed,2019-04-04,2019-04-04,193,"['Address:125 S Randall Rd Algonquin IL 60102', 'Category:Bug', 'DetectionPhase:Design', 'Latitude:42.174650', 'Longitude:-88.335290', 'Priority:Medium', 'Status:Approved']",,Design,Bug,Medium,Approved,125 S Randall Rd Algonquin IL 60102,,42.174650,-88.335290,,
ajha8,closed,2019-04-04,2019-04-04,191,"['Address:McDonalds 2525 S King Dr Chicago 60616', 'Category:Bug', 'DetectionPhase:Design', 'Latitude:41.847198', 'Longitude:-87.617188', 'OriginationPhase:Requirements', 'Priority:Medium', 'Status:Approved']",Requirements,Design,Bug,Medium,Approved,McDonalds 2525 S King Dr Chicago 60616,,41.847198,-87.617188,,
shiwanshukr,closed,2019-04-03,2019-04-03,190,"['Address:McDonalds 2525 S King Dr Chicago 60616', 'Category:Bug', 'DetectionPhase:Design', 'Latitude:41.847198', 'Longitude:-87.617188', 'OriginationPhase:Requirements', 'Priority:Medium', 'Status:inProgress']",Requirements,Design,Bug,Medium,inProgress,McDonalds 2525 S King Dr Chicago 60616,,41.847198,-87.617188,,
PSP19SCM08P,closed,2019-04-03,2019-04-03,186,"['Address:McDonalds 2525 S King Dr Chicago 60616', 'Category:Bug', 'DetectionPhase:Design', 'Latitude:41.847198', 'Longitude:-87.617188', 'OriginationPhase:Requirements', 'Priority:Medium', 'Status:Approved']",Requirements,Design,Bug,Medium,Approved,McDonalds 2525 S King Dr Chicago 60616,,41.847198,-87.617188,,
TSP19SCM80P,closed,2019-04-04,2019-04-03,185,"['Category:Bug', 'DetectionPhase:Design', 'Latitude:41.847198', 'Longitude:-87.617188', 'OriginationPhase:Requirements', 'Priority:Medium', 'Status:Approved']",Requirements,Design,Bug,Medium,Approved,,,41.847198,-87.617188,,
ASP19SCM61G,closed,2019-04-03,2019-04-03,182,"['Address:McDonalds 2525 S King Dr Chicago 60616', 'Category:Bug', 'DetectionPhase:Design', 'Latitude:41.847198', 'Longitude:-87.617188', 'OriginationPhase:Requirements', 'Priority:Medium', 'Status:Approved']",Requirements,Design,Bug,Medium,Approved,McDonalds 2525 S King Dr Chicago 60616,,41.847198,-87.617188,,
ASP19SCM32A,closed,2019-04-04,2019-04-03,181,"['Address:McDonalds 2525 S King Dr Chicago 60616', 'Category:Bug', 'DetectionPhase:Design', 'Latitude:41.847198', 'Longitude:-87.617188', 'OriginationPhase:Requirements', 'Priority:Medium', 'Status:pendingReview']",Requirements,Design,Bug,Medium,pendingReview,McDonalds 2525 S King Dr Chicago 60616,,41.847198,-87.617188,,
SSP19SCM21B,closed,2019-04-04,2019-04-03,179,"['Address:McDonalds 2301 S. lake shore Chicago 60616', 'Category:Bug', 'DetectionPhase:Design', 'Latitude:41.850127', 'Longitude:-87.617188', 'OriginationPhase:Requirements', 'Priority:Medium', 'Status:pendingReview']",Requirements,Design,Bug,Medium,pendingReview,McDonalds 2301 S. lake shore Chicago 60616,,41.850127,-87.617188,,
HSP19SCM81A,closed,2019-04-03,2019-04-03,178,"['Address:McDonalds 3867 S Archer Ave 60632', 'Category:Bug', 'DetectionPhase:Design', 'Latitude:41.823292', 'Longitude:-87.688828', 'OriginationPhase:Requirements', 'Priority:High', 'Status:Approved']",Requirements,Design,Bug,High,Approved,McDonalds 3867 S Archer Ave 60632,,41.823292,-87.688828,,
FSP19SCM57S,closed,2019-04-03,2019-04-03,177,"['Address:McDonalds 2525 S King Dr Chicago 60616', 'Category:Bug', 'DetectionPhase:Design', 'Latitude:41.847198', 'Longitude:-87.617188', 'OriginationPhase:Requirements', 'Priority:Medium', 'Status:inProgress']",Requirements,Design,Bug,Medium,inProgress,McDonalds 2525 S King Dr Chicago 60616,,41.847198,-87.617188,,
SSP19SCM44W,closed,2019-04-03,2019-04-03,176,"['Address:2525 S Martin Luther King Dr Chicago 60616', 'Category:Bug', 'DetectionPhase:Design', 'Latitude:41.847198', 'Longitude:-87.617188', 'OriginationPhase:Requirements', 'Priority:Medium', 'Status:Approved']",Requirements,Design,Bug,Medium,Approved,2525 S Martin Luther King Dr Chicago 60616,,41.847198,-87.617188,,
RSP19SCM73K,closed,2019-04-03,2019-04-03,174,"['Address:McDonalds 2301 S. lake shore Chicago 60616', 'Category:Bug', 'DetectionPhase:Design', 'Latitude:41.879519', 'Longitude:-87.633531', 'OriginationPhase:Requirements', 'OritinationPhase:Design', 'Priority:High', 'Priority:Medium', 'Status:Approved', 'Status:inProgress', 'Status:pendingReview']",Requirements,Design,Bug,Medium,pendingReview,McDonalds 2301 S. lake shore Chicago 60616,Design,41.879519,-87.633531,,
SSP19SCM81Y,closed,2019-04-03,2019-04-03,170,"['Address:600 N Clark St Chicago IL 60610', 'Category:Bug', 'DetectionPhase:Design', 'Latitude:41.892502', 'Longitude:-87.631279', 'OriginationPhase:Requirements', 'Priority:Medium', 'Status:pendingReview']",Requirements,Design,Bug,Medium,pendingReview,600 N Clark St Chicago IL 60610,,41.892502,-87.631279,,
PSP19SCM76K,closed,2019-04-03,2019-04-03,169,"['Address:McDonalds 2525 S King Dr Chicago 60616', 'Category:Bug', 'DetectionPhase:Design', 'Latitude:41.847200', 'Longitude:-87.617190', 'OriginationPhase:Requirements', 'Priority:High', 'Status:inProgress']",Requirements,Design,Bug,High,inProgress,McDonalds 2525 S King Dr Chicago 60616,,41.847200,-87.617190,,
JSP19SCM59D,closed,2019-04-03,2019-04-03,168,"['Category:Bug', 'DetectionPhase:Testing', 'OriginationPhase:Requirements', 'Priority:Major', 'Status:Approved']",Requirements,Testing,Bug,Major,Approved,,,,,,
ASP19SCM59K,closed,2019-04-03,2019-04-03,164,"['Address:McDonalds 2525 S King Dr Chicago 60616', 'Category:Bug', 'DetectionPhase:Design', 'Latitude:41.891521', 'Longitude:-87.622223', 'OriginationPhase:Requirements', 'Priority:High', 'Status:inProgress']",Requirements,Design,Bug,High,inProgress,McDonalds 2525 S King Dr Chicago 60616,,41.891521,-87.622223,,
JSP19SCM33G,closed,2019-04-03,2019-04-03,162,"['Address:McDonalds 2525 S King Dr Chicago 60616', 'Category:Bug', 'DetectionPhase:Design', 'Latitude:41.847198', 'Longitude:-87.617188', 'OriginationPhase:Requirements', 'Priority:Medium', 'Status:Approved']",Requirements,Design,Bug,Medium,Approved,McDonalds 2525 S King Dr Chicago 60616,,41.847198,-87.617188,,
MinakshyRamachandran,closed,2019-04-03,2019-04-03,161,"['Address:McDonalds 2301 S. lake shore Chicago 60616', 'Category:Bug', 'DetectionPhase:Design', 'Latitude:41.850127', 'Longitude:-87.615991', 'OriginationPhase:Requirements', 'Priority:High', 'Status:Approved']",Requirements,Design,Bug,High,Approved,McDonalds 2301 S. lake shore Chicago 60616,,41.850127,-87.615991,,
RSP19SCM781,closed,2019-04-10,2019-04-03,160,"['Category:Inquiry', 'DetectionPhase:Design', 'OriginationPhase:Documentation', 'Priority:Major', 'Status:Approved']",Documentation,Design,Inquiry,Major,Approved,,,,,,
RSP19SCM781,closed,2019-04-05,2019-04-03,159,"['Category:Inquiry', 'DetectionPhase:Coding', 'OriginationPhase:Field', 'Priority:Low', 'Status:inProgress']",Field,Coding,Inquiry,Low,inProgress,,,,,,
DSP19SCM782,closed,2019-04-05,2019-04-03,158,"['Category:Enhancement', 'DetectionPhase:Design', 'OriginationPhase:Coding', 'Priority:High', 'Status:Completed']",Coding,Design,Enhancement,High,Completed,,,,,,
DSP19SCM782,closed,2019-04-05,2019-04-03,157,"['Category:Inquiry', 'DetectionPhase:Coding', 'OritinationPhase:Design', 'Priority:Low', 'Status:Rejected']",,Coding,Inquiry,Low,Rejected,,Design,,,,
TSP19SCM782,closed,2019-04-07,2019-04-03,156,"['Category:Inquiry', 'DetectionPhase:Coding', 'OriginationPhase:Documentation', 'Priority:Major', 'Status:inProgress']",Documentation,Coding,Inquiry,Major,inProgress,,,,,,
TSP19SCM782,closed,2019-04-05,2019-04-03,155,"['Category:Enhancement', 'DetectionPhase:Coding', 'OriginationPhase:Testing', 'Priority:Medium', 'Status:inProgress']",Testing,Coding,Enhancement,Medium,inProgress,,,,,,
RSP19SCM782,closed,2019-04-05,2019-04-03,154,"['Category:Inquiry', 'DetectionPhase:Design', 'OriginationPhase:Field', 'Priority:Medium', 'Status:pendingReview']",Field,Design,Inquiry,Medium,pendingReview,,,,,,
RSP19SCM782,closed,2019-04-05,2019-04-03,153,"['Category:Enhancement', 'DetectionPhase:Coding', 'OriginationPhase:Requirements', 'Priority:Low', 'Status:Rejected']",Requirements,Coding,Enhancement,Low,Rejected,,,,,,
SSP19SCM782,closed,2019-04-08,2019-04-03,152,"['Category:Enhancement', 'DetectionPhase:Coding', 'OriginationPhase:Testing', 'Priority:Major', 'Status:pendingReview']",Testing,Coding,Enhancement,Major,pendingReview,,,,,,
SSP19SCM782,closed,2019-04-05,2019-04-03,151,"['Category:Enhancement', 'DetectionPhase:Design', 'OritinationPhase:Design', 'Priority:Major', 'Status:inProgress']",,Design,Enhancement,Major,inProgress,,Design,,,,
CSP19SCM54G,closed,2019-04-03,2019-04-03,150,"['Address:3232 IL59 Naperville IL 60564', 'Category:Bug', 'DetectionPhase:Design', 'Latitude:41.705611', 'Longitude:-88.204826', 'OriginationPhase:Requirements', 'Priority:Medium', 'Status:pendingReview']",Requirements,Design,Bug,Medium,pendingReview,3232 IL59 Naperville IL 60564,,41.705611,-88.204826,,
MehulSin,closed,2019-04-04,2019-04-03,149,"['Address:McDonalds 2525 S King Dr Chicago 60616', 'Category:Bug', 'DetectionPhase:Design', 'Latitude:41.713634', 'Longitude:-87.613952', 'OriginationPhase:Requirements', 'Priority:High', 'Status:Approved']",Requirements,Design,Bug,High,Approved,McDonalds 2525 S King Dr Chicago 60616,,41.713634,-87.613952,,
ASP19SCM00V,closed,2019-04-03,2019-04-03,146,"['Address:7832 S Western Ave Chicago IL 60620', 'Category:Bug', 'DetectionPhase:Design', 'Latitude:41.751278', 'Longitude:-87.683320', 'OriginationPhase:Requirements', 'Priority:Medium', 'Status:pendingReview']",Requirements,Design,Bug,Medium,pendingReview,7832 S Western Ave Chicago IL 60620,,41.751278,-87.683320,,
CSP19SCM35G,closed,2019-04-03,2019-04-03,143,"['Address:McDonalds 2525 S King Dr Chicago 60616', 'Latitude:41.847200', 'Longitude:-87.617190', 'OriginationPhase:Requirements', 'Priority:High', 'Status:Approved']",Requirements,,,High,Approved,McDonalds 2525 S King Dr Chicago 60616,,41.847200,-87.617190,,
HSP19SCM19M,closed,2019-04-03,2019-04-03,142,"['Address:McDonalds 2525 S King Dr Chicago 60616', 'Category:Bug', 'DetectionPhase:Design', 'Latitude:41.847200', 'Longitude:-87.617190', 'OriginationPhase:Requirements', 'Priority:High', 'Status:pendingReview']",Requirements,Design,Bug,High,pendingReview,McDonalds 2525 S King Dr Chicago 60616,,41.847200,-87.617190,,
RSP19SCM71C,closed,2019-04-03,2019-04-03,139,"['Address:McDonalds 2525 S King Dr Chicago 60616', 'Category:Bug', 'DetectionPhase:Design', 'Latitude:41.847200', 'Longitude:-87.617190', 'OriginationPhase:Requirements', 'Priority:Medium', 'Status:Approved']",Requirements,Design,Bug,Medium,Approved,McDonalds 2525 S King Dr Chicago 60616,,41.847200,-87.617190,,
WSP19SCM39H,closed,2019-04-03,2019-04-03,138,"['Address:McDonalds 2525 S King Dr Chicago 60616', 'Category:Bug', 'DetectionPhase:Design', 'Latitude:41.847198', 'Longitude:-87.617190', 'OriginationPhase:Requirements', 'Priority:Medium', 'Status:pendingReview']",Requirements,Design,Bug,Medium,pendingReview,McDonalds 2525 S King Dr Chicago 60616,,41.847198,-87.617190,,
ZSP19SCM95D,closed,2019-04-03,2019-04-03,135,"['Address:McDonalds 2525 S King Dr Chicago 60616', 'Category:Bug', 'DetectionPhase:Design', 'Latitude:41.847200', 'Longitude:-87.617190', 'OriginationPhase:Requirements', 'Priority:Medium', 'Status:pendingReview']",Requirements,Design,Bug,Medium,pendingReview,McDonalds 2525 S King Dr Chicago 60616,,41.847200,-87.617190,,
JSP19SCM86L,closed,2019-04-03,2019-04-03,132,"['Address:1664 S Blue Island Ave Chicago IL 60608', 'Category:Bug', 'DetectionPhase:Design', 'Latitude:41.858450', 'Longitude:-87.660900', 'OriginationPhase:Design', 'Priority:High', 'Status:inProgress']",Design,Design,Bug,High,inProgress,1664 S Blue Island Ave Chicago IL 60608,,41.858450,-87.660900,,
PSP19SCM38K,closed,2019-04-03,2019-04-03,131,"['Address:2301 S Lake Shore Dr Chicago IL 60616', 'Category:Bug', 'DetectionPhase:Design', 'Latitude:41.851200', 'Longitude:-87.617767', 'OriginationPhase:Requirements', 'Priority:Medium', 'Status:Approved']",Requirements,Design,Bug,Medium,Approved,2301 S Lake Shore Dr Chicago IL 60616,,41.851200,-87.617767,,
MSP19SCM07P,closed,2019-04-03,2019-04-03,130,"['Address:2301 S Lake Shore Dr Chicago IL 60616', 'Category:Bug', 'DetectionPhase:Design', 'Latitude:41.851200', 'Longitude:-87.617767', 'OriginationPhase:Requirements', 'Priority:Medium', 'Status:pendingReview']",Requirements,Design,Bug,Medium,pendingReview,2301 S Lake Shore Dr Chicago IL 60616,,41.851200,-87.617767,,
rdhande,closed,2019-04-03,2019-04-02,127,"['Address:119 N Wabash Ave Chicago IL 60602', 'Category:Bug', 'DetectionPhase:Design', 'Latitude:41.885869', 'Longitude:-87.630804', 'OriginationPhase:Requirements', 'Priority:High', 'Status:pendingReview']",Requirements,Design,Bug,High,pendingReview,119 N Wabash Ave Chicago IL 60602,,41.885869,-87.630804,,
MSP19SCM00A,closed,2019-04-02,2019-04-02,126,"['Address:McDonalds 2525 S King Dr Chicago 60616', 'Category:Bug', 'DetectionPhase:Design', 'Latitude:41.847200', 'Longitude:-87.617190', 'OriginationPhase:Requirements', 'Priority:High', 'Status:inProgress']",Requirements,Design,Bug,High,inProgress,McDonalds 2525 S King Dr Chicago 60616,,41.847200,-87.617190,,
ASP19SCM71S,closed,2019-04-02,2019-04-02,122,"['Address:McDonalds 2525 S King Dr Chicago 60616', 'Category:Bug', 'DetectionPhase:Design', 'Latitude:41.847200', 'Longitude:-87.617190', 'OriginationPhase:Design', 'Priority:High', 'Status:Approved']",Design,Design,Bug,High,Approved,McDonalds 2525 S King Dr Chicago 60616,,41.847200,-87.617190,,
YSP19SCM81M,closed,2019-04-02,2019-04-02,120,"['Address:McDonalds 2525 S King Dr Chicago 60616', 'Category:Bug', 'DetectionPhase:Design', 'Latitude:41.891521', 'Longitude:-87.622223', 'OriginationPhase:Requirements', 'Priority:High', 'Status:Approved']",Requirements,Design,Bug,High,Approved,McDonalds 2525 S King Dr Chicago 60616,,41.891521,-87.622223,,
ASP19SCM57V,closed,2019-04-02,2019-04-02,115,"['Address:McDonalds 2525 S King Dr Chicago 60616', 'Category:Bug', 'DetectionPhase:Design', 'Latitude:41.847198', 'Longitude:-87.633531', 'OriginationPhase:Requirements', 'Priority:High', 'Status:Approved']",Requirements,Design,Bug,High,Approved,McDonalds 2525 S King Dr Chicago 60616,,41.847198,-87.633531,,
PSP19SCM07S,closed,2019-04-02,2019-04-02,114,"['Address:McDonalds 2525 S King Dr Chicago 60616', 'Category:Bug', 'DetectionPhase:Design', 'Latitude:41.847198', 'Longitude:-87.633531', 'OriginationPhase:Requirements', 'Priority:High', 'Status:Approved']",Requirements,Design,Bug,High,Approved,McDonalds 2525 S King Dr Chicago 60616,,41.847198,-87.633531,,
RSP19SCM781,closed,2019-04-09,2019-04-02,113,"['Category:Enhancement', 'DetectionPhase:Design', 'OriginationPhase:Coding', 'Priority:High', 'Status:inProgress']",Coding,Design,Enhancement,High,inProgress,,,,,,
RSP19SCM781,closed,2019-04-08,2019-04-02,112,"['Category:Bug', 'DetectionPhase:Coding', 'OriginationPhase:Coding', 'Priority:Low', 'Status:Rejected']",Coding,Coding,Bug,Low,Rejected,,,,,,
TSP19SCM781,closed,2019-04-10,2019-04-02,111,"['Category:Bug', 'DetectionPhase:Design', 'OriginationPhase:Field', 'Priority:Low', 'Status:pendingReview']",Field,Design,Bug,Low,pendingReview,,,,,,
TSP19SCM781,closed,2019-04-07,2019-04-02,110,"['Category:Bug', 'DetectionPhase:Design', 'OriginationPhase:Requirements', 'Priority:Medium', 'Status:Approved']",Requirements,Design,Bug,Medium,Approved,,,,,,
SSP19SCM781,closed,2019-04-05,2019-04-02,109,"['Category:Inquiry', 'DetectionPhase:Coding', 'OriginationPhase:Documentation', 'Priority:Major', 'Status:inProgress']",Documentation,Coding,Inquiry,Major,inProgress,,,,,,
SSP19SCM781,closed,2019-04-08,2019-04-02,108,"['Category:Bug', 'DetectionPhase:Design', 'OriginationPhase:Field', 'Priority:Major', 'Status:Rejected']",Field,Design,Bug,Major,Rejected,,,,,,
DSP19SCM782,closed,2019-04-09,2019-04-02,107,"['Category:Inquiry', 'DetectionPhase:Coding', 'OriginationPhase:Coding', 'OriginationPhase:Testing', 'Status:Approved']",Testing,Coding,Inquiry,,Approved,,,,,,
DSP19SCM782,closed,2019-04-08,2019-04-02,106,"['Category:Inquiry', 'DetectionPhase:Coding', 'OriginationPhase:Documentation', 'Priority:Medium', 'Status:inProgress']",Documentation,Coding,Inquiry,Medium,inProgress,,,,,,
DSP19SCM781,closed,2019-04-07,2019-04-02,105,"['Category:Enhancement', 'DetectionPhase:Design', 'OriginationPhase:Design', 'Priority:High', 'Status:pendingReview']",Design,Design,Enhancement,High,pendingReview,,,,,,
DSP19SCM781,closed,2019-04-10,2019-04-02,103,"['Category:Enhancement', 'DetectionPhase:Design', 'OriginationPhase:Coding', 'Priority:Low', 'Status:Completed']",Coding,Design,Enhancement,Low,Completed,,,,,,
PSP19SCM40J,closed,2019-04-02,2019-04-02,101,"['Address:McDonalds 2525 S King Dr Chicago 60616', 'Category:Bug', 'DetectionPhase:Design', 'OriginationPhase:Requirements', 'OritinationPhase:Design', 'Priority:High', 'Priority:Medium', 'Status:Approved', 'Status:inProgress', 'Status:pendingReview']",Requirements,Design,Bug,Medium,pendingReview,McDonalds 2525 S King Dr Chicago 60616,Design,,,,
HSP19SCM72L,closed,2019-04-02,2019-04-02,100,"['Address:600 N Clark St Chicago IL 60610', 'Category:Bug', 'DetectionPhase:Design', 'Latitude:41.892502', 'Longitude:-87.631279', 'OriginationPhase:Requirements', 'Priority:High', 'Status:Approved']",Requirements,Design,Bug,High,Approved,600 N Clark St Chicago IL 60610,,41.892502,-87.631279,,
VSP19SCM12C,closed,2019-04-02,2019-04-02,99,"['Address:3020 S Halsted St Chicago IL 60608', 'Category:Bug', 'DetectionPhase:Design', 'Latitude:41.879519', 'Longitude:-87.633531', 'OriginationPhase:Requirements', 'Priority:High', 'Status:Approved']",Requirements,Design,Bug,High,Approved,3020 S Halsted St Chicago IL 60608,,41.879519,-87.633531,,
JSP19SCM65Z,closed,2019-04-02,2019-04-02,98,"['Address:3020 S Halsted St Chicago IL 60608', 'Category:Bug', 'DetectionPhase:Design', 'Latitude:41.879519', 'Longitude:-87.646896', 'OriginationPhase:Requirements', 'Priority:High', 'Status:Approved']",Requirements,Design,Bug,High,Approved,3020 S Halsted St Chicago IL 60608,,41.879519,-87.646896,,
KSP19SCM90B,closed,2019-04-02,2019-04-02,95,"['Address:McDonalds 2525 S King Dr Chicago 60616', 'Category:Bug', 'DetectionPhase:Design', 'Latitude:41.847200', 'Longitude:-87.617190', 'OriginationPhase:Design', 'Priority:High', 'Status:inProgress']",Design,Design,Bug,High,inProgress,McDonalds 2525 S King Dr Chicago 60616,,41.847200,-87.617190,,
SSP19SCM98G,closed,2019-04-02,2019-04-02,94,"['Address:3020 S Halsted St Chicago IL 60608', 'Category:Bug', 'DetectionPhase:Design', 'Latitude:41.879519', 'Longitude:-87.646896', 'OriginationPhase:Design', 'Priority:High', 'Status:inProgress']",Design,Design,Bug,High,inProgress,3020 S Halsted St Chicago IL 60608,,41.879519,-87.646896,,
XSP19SCM71C,closed,2019-04-02,2019-04-02,92,"['Address:3020 S Halsted St Chicago IL 60608', 'Category:Bug', 'DetectionPhase:Design', 'Latitude:41.879519', 'Longitude:-87.633531', 'Priority:Medium', 'Status:pendingReview']",,Design,Bug,Medium,pendingReview,3020 S Halsted St Chicago IL 60608,,41.879519,-87.633531,,
SSP19SCM52K,closed,2019-04-02,2019-04-02,87,"['Address:McDonalds 2525 S King Dr Chicago 60616', 'Category:Bug', 'DetectionPhase:Design', 'Latitude:41.847200', 'Longitude:-87.617190', 'OriginationPhase:Design', 'Priority:High', 'Status:inProgress']",Design,Design,Bug,High,inProgress,McDonalds 2525 S King Dr Chicago 60616,,41.847200,-87.617190,,
NSP19SCM30A,closed,2019-04-02,2019-04-02,82,"['Address:McDonalds 2525 S King Dr Chicago 60616', 'Category:Bug', 'DetectionPhase:Design', 'Latitude:41.847200', 'Longitude:-87.617190', 'OriginationPhase:Design', 'Priority:Medium', 'Status:inProgress']",Design,Design,Bug,Medium,inProgress,McDonalds 2525 S King Dr Chicago 60616,,41.847200,-87.617190,,
fashokkumar,closed,2019-04-02,2019-04-02,81,"['Address:McDonalds 2525 S King Dr Chicago 60616', 'Category:Bug', 'DetectionPhase:Design', 'Latitude:41.847200', 'Longitude:-87.617190', 'OriginationPhase:Design', 'Priority:Medium', 'Status:inProgress']",Design,Design,Bug,Medium,inProgress,McDonalds 2525 S King Dr Chicago 60616,,41.847200,-87.617190,,
SSP19SCM52K,closed,2019-04-02,2019-04-02,79,[],,,,,,,,,,,
fashokkumar,closed,2019-04-02,2019-04-02,77,[],,,,,,,,,,,
SSP19SCM52K,closed,2019-04-02,2019-04-02,76,[],,,,,,,,,,,
NSP19SCM30A,closed,2019-04-02,2019-04-02,75,[],,,,,,,,,,,
VSP19SCM70K,closed,2019-04-02,2019-04-02,74,"['Address:1200 S Milwaukee Ave Prospect Heights IL', 'Category:Bug', 'DetectionPhase:Design', 'Latitude:42.109120', 'Longitude:-87.890880', 'Priority:Medium', 'Status:Approved']",,Design,Bug,Medium,Approved,1200 S Milwaukee Ave Prospect Heights IL,,42.109120,-87.890880,,
ASP19SCM23W,closed,2019-04-02,2019-04-02,73,"['Address:119 N Wabash Ave Chicago IL 60602', 'Category:Bug', 'DetectionPhase:Design', 'Latitude:41.883678', 'Longitude:-87.625832', 'OriginationPhase:Requirements', 'Priority:Medium', 'Status:Approved']",Requirements,Design,Bug,Medium,Approved,119 N Wabash Ave Chicago IL 60602,,41.883678,-87.625832,,
MSP19SCM18H,closed,2019-04-02,2019-04-02,71,"['Address:McDonalds 2525 S King Dr Chicago 60616', 'Category:Bug', 'DetectionPhase:Design', 'Latitude:41.847198', 'Longitude:-87.633531', 'OriginationPhase:Requirements', 'Priority:Medium', 'Status:pendingReview']",Requirements,Design,Bug,Medium,pendingReview,McDonalds 2525 S King Dr Chicago 60616,,41.847198,-87.633531,,
JSP19SCM42J,closed,2019-04-02,2019-04-02,70,"['Address:105 N Union St Byron IL  61010', 'Category:Bug', 'DetectionPhase:Design', 'Latitude:42.125900', 'Longitude:-89.255610', 'OriginationPhase:Requirements', 'Priority:Medium', 'Status:Approved']",Requirements,Design,Bug,Medium,Approved,105 N Union St Byron IL  61010,,42.125900,-89.255610,,
JSP19SCM13R,closed,2019-04-02,2019-04-02,69,"['Address:McDonalds 2525 S King Dr Chicago 60616', 'Category:Bug', 'DetectionPhase:Design', 'Latitude:41.847198', 'Longitude:-87.633531', 'OriginationPhase:Requirements', 'Priority:High', 'Status:pendingReview']",Requirements,Design,Bug,High,pendingReview,McDonalds 2525 S King Dr Chicago 60616,,41.847198,-87.633531,,
RSP19SCM782,closed,2019-04-07,2019-04-01,67,"['Category:Inquiry', 'DetectionPhase:Design', 'OriginationPhase:Requirements', 'Priority:Major', 'Status:inProgress']",Requirements,Design,Inquiry,Major,inProgress,,,,,,
RSP19SCM782,closed,2019-04-08,2019-04-01,66,"['Category:Bug', 'DetectionPhase:Coding', 'OriginationPhase:Field', 'Priority:Medium', 'Status:Approved']",Field,Coding,Bug,Medium,Approved,,,,,,
JSP19SCM59D,closed,2019-04-01,2019-04-01,65,"['Address:3020 S Halsted St Chicago IL 60608', 'Category:Bug', 'DetectionPhase:Design', 'Latitude:41.879519', 'Longitude:-87.646896', 'OriginationPhase:Requirements', 'Priority:Medium', 'Status:inProgress']",Requirements,Design,Bug,Medium,inProgress,3020 S Halsted St Chicago IL 60608,,41.879519,-87.646896,,
RSP19SCM781,closed,2019-04-08,2019-04-01,64,"['Category:Enhancement', 'DetectionPhase:Coding', 'OriginationPhase:Documentation', 'Priority:Medium', 'Status:inProgress']",Documentation,Coding,Enhancement,Medium,inProgress,,,,,,
RSP19SCM781,closed,2019-04-02,2019-04-01,63,"['Category:Bug', 'DetectionPhase:Coding', 'OriginationPhase:Testing', 'Priority:Major', 'Status:Approved']",Testing,Coding,Bug,Major,Approved,,,,,,
TSP19SCM782,closed,2019-04-08,2019-04-01,62,"['Category:Inquiry', 'DetectionPhase:Coding', 'OritinationPhase:Design', 'Priority:Low', 'Status:Completed']",,Coding,Inquiry,Low,Completed,,Design,,,,
TSP19SCM782,closed,2019-04-02,2019-04-01,61,"['Category:Enhancement', 'DetectionPhase:Coding', 'OriginationPhase:Requirements', 'Priority:High', 'Status:Rejected']",Requirements,Coding,Enhancement,High,Rejected,,,,,,
SPM587SP19,closed,2019-04-07,2019-04-01,60,"['Category:Bug', 'DetectionPhase:Design', 'OriginationPhase:Testing', 'Priority:Medium', 'Status:Rejected']",Testing,Design,Bug,Medium,Rejected,,,,,,
TSP19SCM781,closed,2019-04-02,2019-04-01,59,"['Category:Inquiry', 'DetectionPhase:Coding', 'OriginationPhase:Field', 'Priority:Major', 'Status:pendingReview']",Field,Coding,Inquiry,Major,pendingReview,,,,,,
SPM587SP19,closed,2019-04-03,2019-04-01,58,"['Category:Inquiry', 'DetectionPhase:Design', 'OriginationPhase:Requirements', 'Priority:Low', 'Status:inProgress']",Requirements,Design,Inquiry,Low,inProgress,,,,,,
SPM587SP19,closed,2019-04-02,2019-04-01,57,"['Category:Bug', 'DetectionPhase:Coding', 'OriginationPhase:Coding', 'Priority:Low', 'Status:Approved']",Coding,Coding,Bug,Low,Approved,,,,,,
ASP19SCM00V,closed,2019-04-01,2019-04-01,56,[],,,,,,,,,,,
TSP19SCM781,closed,2019-04-01,2019-03-31,55,"['Category:Inquiry', 'DetectionPhase:Design', 'OriginationPhase:Coding', 'Priority:Low', 'Status:inProgress']",Coding,Design,Inquiry,Low,inProgress,,,,,,
SPM587SP19,closed,2019-04-01,2019-03-31,54,"['Category:Enhancement', 'DetectionPhase:Design', 'OriginationPhase:Field', 'Priority:Medium', 'Status:pendingReview']",Field,Design,Enhancement,Medium,pendingReview,,,,,,
SPM587SP19,closed,2019-04-03,2019-03-31,53,"['Category:Inquiry', 'DetectionPhase:Coding', 'OritinationPhase:Design', 'Priority:High', 'Status:pendingReview']",,Coding,Inquiry,High,pendingReview,,Design,,,,
SPM587SP19,closed,2019-04-01,2019-03-31,52,"['Category:Bug', 'DetectionPhase:Design', 'OriginationPhase:Requirements', 'Priority:Major', 'Status:Completed']",Requirements,Design,Bug,Major,Completed,,,,,,
SPM587SP19,closed,2019-04-01,2019-03-31,51,"['Category:Bug', 'DetectionPhase:Design', 'OriginationPhase:Requirements', 'Priority:Medium', 'Status:Completed']",Requirements,Design,Bug,Medium,Completed,,,,,,
SPM587SP19,closed,2019-04-02,2019-03-31,50,"['Category:Enhancement', 'DetectionPhase:Coding', 'OriginationPhase:Field', 'Priority:High', 'Status:Approved']",Field,Coding,Enhancement,High,Approved,,,,,,
SPM587SP19,closed,2019-04-01,2019-03-31,49,"['Category:Bug', 'DetectionPhase:Design', 'OriginationPhase:Testing', 'Priority:Low', 'Status:inProgress']",Testing,Design,Bug,Low,inProgress,,,,,,
SPM587SP19,closed,2019-04-01,2019-03-31,48,"['Category:Bug', 'DetectionPhase:Coding', 'OriginationPhase:Coding', 'Priority:Low', 'Status:inProgress']",Coding,Coding,Bug,Low,inProgress,,,,,,
SPM587SP19,closed,2019-04-05,2019-03-31,47,"['Category:Inquiry', 'DetectionPhase:Design', 'OriginationPhase:Testing', 'Priority:Medium', 'Status:Rejected']",Testing,Design,Inquiry,Medium,Rejected,,,,,,
SPM587SP19,closed,2019-04-03,2019-03-31,46,"['Category:Enhancement', 'DetectionPhase:Coding', 'OriginationPhase:Requirements', 'Priority:Major', 'Status:Rejected']",Requirements,Coding,Enhancement,Major,Rejected,,,,,,
SPM587SP19,closed,2019-04-01,2019-03-31,45,"['Category:Inquiry', 'DetectionPhase:Coding', 'OritinationPhase:Design', 'Priority:Major', 'Status:Completed']",,Coding,Inquiry,Major,Completed,,Design,,,,
SPM587SP19,closed,2019-04-01,2019-03-31,44,"['Category:Bug', 'DetectionPhase:Coding', 'OriginationPhase:Testing', 'Priority:Major', 'Status:inProgress']",Testing,Coding,Bug,Major,inProgress,,,,,,
SPM587SP19,closed,2019-04-01,2019-03-31,43,"['Category:Bug', 'DetectionPhase:Field', 'OriginationPhase:Documentation', 'Priority:High', 'Status:Approved']",Documentation,Field,Bug,High,Approved,,,,,,
SPM587SP19,closed,2019-04-01,2019-03-31,42,"['Category:Enhancement', 'DetectionPhase:Coding', 'OriginationPhase:Testing', 'Priority:Medium', 'Status:Completed']",Testing,Coding,Enhancement,Medium,Completed,,,,,,
SPM587SP19,closed,2019-04-07,2019-03-31,41,"['Category:Bug', 'DetectionPhase:Coding', 'OriginationPhase:Documentation', 'Priority:Major', 'Status:pendingReview']",Documentation,Coding,Bug,Major,pendingReview,,,,,,
SPM587SP19,closed,2019-04-03,2019-03-31,40,"['Category:Inquiry', 'DetectionPhase:Design', 'OriginationPhase:Field', 'Priority:Low', 'Status:Completed']",Field,Design,Inquiry,Low,Completed,,,,,,
SPM587SP19,closed,2019-04-03,2019-03-31,39,"['Category:Inquiry', 'DetectionPhase:Design', 'OriginationPhase:Documentation', 'Priority:High', 'Status:Rejected']",Documentation,Design,Inquiry,High,Rejected,,,,,,
SPM587SP19,closed,2019-04-03,2019-03-31,38,"['Category:Enhancement', 'DetectionPhase:Design', 'OritinationPhase:Design', 'Priority:High', 'Status:inProgress']",,Design,Enhancement,High,inProgress,,Design,,,,
SPM587SP19,closed,2019-04-03,2019-03-31,37,"['Category:Inquiry', 'DetectionPhase:Design', 'OriginationPhase:Documentation', 'Priority:Low', 'Status:inProgress']",Documentation,Design,Inquiry,Low,inProgress,,,,,,
SPM587SP19,closed,2019-04-02,2019-03-31,36,"['Category:Bug', 'DetectionPhase:Coding', 'OriginationPhase:Coding', 'Priority:Major', 'Status:Rejected']",Coding,Coding,Bug,Major,Rejected,,,,,,
SPM587SP19,closed,2019-04-03,2019-03-31,35,"['Category:Enhancement', 'DetectionPhase:Design', 'OriginationPhase:Requirements', 'Priority:Medium', 'Status:pendingReview']",Requirements,Design,Enhancement,Medium,pendingReview,,,,,,
SPM587SP19,closed,2019-04-02,2019-03-31,34,"['Category:Enhancement', 'DetectionPhase:Coding', 'OritinationPhase:Design', 'Priority:Low', 'Status:Approved']",,Coding,Enhancement,Low,Approved,,Design,,,,
SPM587SP19,closed,2019-04-05,2019-03-31,33,"['Category:Bug', 'DetectionPhase:Coding', 'OriginationPhase:Requirements', 'Priority:Major', 'Status:Rejected']",Requirements,Coding,Bug,Major,Rejected,,,,,,
SPM587SP19,closed,2019-04-02,2019-03-31,32,"['Category:Inquiry', 'DetectionPhase:Field', 'OriginationPhase:Coding', 'Priority:Medium', 'Status:Rejected']",Coding,Field,Inquiry,Medium,Rejected,,,,,,
SPM587SP19,closed,2019-04-03,2019-03-31,31,"['Category:Bug', 'DetectionPhase:Design', 'OriginationPhase:Requirements', 'Priority:Major', 'Status:pendingReview']",Requirements,Design,Bug,Major,pendingReview,,,,,,
SPM587SP19,closed,2019-04-02,2019-03-31,30,"['Category:Inquiry', 'DetectionPhase:Coding', 'OritinationPhase:Design', 'Priority:High', 'Status:inProgress']",,Coding,Inquiry,High,inProgress,,Design,,,,
SPM587SP19,closed,2019-04-07,2019-03-31,29,"['Category:Bug', 'DetectionPhase:Design', 'OriginationPhase:Documentation', 'Priority:Medium', 'Status:Completed']",Documentation,Design,Bug,Medium,Completed,,,,,,
SPM587SP19,closed,2019-04-02,2019-03-31,28,"['Category:Enhancement', 'DetectionPhase:Design', 'OriginationPhase:Requirements', 'Priority:Major', 'Status:pendingReview']",Requirements,Design,Enhancement,Major,pendingReview,,,,,,
SPM587SP19,closed,2019-04-03,2019-03-31,27,"['Category:Inquiry', 'DetectionPhase:Design', 'OritinationPhase:Design', 'Priority:Medium', 'Status:Rejected']",,Design,Inquiry,Medium,Rejected,,Design,,,,
SPM587SP19,closed,2019-03-31,2019-03-31,26,"['Category:Enhancement', 'DetectionPhase:Coding', 'OriginationPhase:Coding', 'Priority:Major', 'Status:Approved']",Coding,Coding,Enhancement,Major,Approved,,,,,,
SPM587SP19,closed,2019-03-31,2019-03-31,25,"['Category:Inquiry', 'DetectionPhase:Design', 'OriginationPhase:Coding', 'Priority:Low', 'Status:Completed']",Coding,Design,Inquiry,Low,Completed,,,,,,
SPM587SP19,closed,2019-03-31,2019-03-31,24,"['Category:Enhancement', 'DetectionPhase:Coding', 'OriginationPhase:Documentation', 'Priority:Low', 'Status:inProgress']",Documentation,Coding,Enhancement,Low,inProgress,,,,,,
SPM587SP19,closed,2019-03-31,2019-03-31,23,"['Category:Bug', 'DetectionPhase:Design', 'OriginationPhase:Field', 'Priority:High', 'Status:Rejected']",Field,Design,Bug,High,Rejected,,,,,,
SPM587SP19,closed,2019-03-31,2019-03-31,22,"['Category:Inquiry', 'DetectionPhase:Coding', 'OriginationPhase:Requirements', 'Priority:Major', 'Status:pendingReview']",Requirements,Coding,Inquiry,Major,pendingReview,,,,,,
SPM587SP19,closed,2019-03-31,2019-03-31,21,"['Category:Bug', 'DetectionPhase:Design', 'OriginationPhase:Testing', 'Priority:Low', 'Status:Completed']",Testing,Design,Bug,Low,Completed,,,,,,
SPM587SP19,closed,2019-03-31,2019-03-31,20,"['Category:Bug', 'DetectionPhase:Coding', 'OritinationPhase:Design', 'Priority:Major', 'Status:inProgress']",,Coding,Bug,Major,inProgress,,Design,,,,
SPM587SP19,closed,2019-03-31,2019-03-31,19,"['Category:Enhancement', 'DetectionPhase:Design', 'OritinationPhase:Design', 'Priority:Low', 'Status:Approved']",,Design,Enhancement,Low,Approved,,Design,,,,
SPM587SP19,closed,2019-03-31,2019-03-31,18,"['Category:Inquiry', 'DetectionPhase:Coding', 'OriginationPhase:Testing', 'Priority:Medium', 'Status:Rejected']",Testing,Coding,Inquiry,Medium,Rejected,,,,,,
SPM587SP19,closed,2019-03-31,2019-03-31,17,"['Category:Bug', 'DetectionPhase:Field', 'OriginationPhase:Requirements', 'Priority:Medium', 'Status:pendingReview']",Requirements,Field,Bug,Medium,pendingReview,,,,,,
SPM587SP19,closed,2019-03-31,2019-03-31,16,"['Category:Inquiry', 'DetectionPhase:Design', 'OriginationPhase:Field', 'Priority:Major', 'Status:Completed']",Field,Design,Inquiry,Major,Completed,,,,,,
SPM587SP19,closed,2019-03-31,2019-03-31,15,"['Category:Enhancement', 'DetectionPhase:Coding', 'OriginationPhase:Documentation', 'Priority:Low', 'Status:inProgress']",Documentation,Coding,Enhancement,Low,inProgress,,,,,,
SPM587SP19,closed,2019-03-31,2019-03-31,14,"['Category:Inquiry', 'DetectionPhase:Design', 'OriginationPhase:Coding', 'Priority:High', 'Status:Approved']",Coding,Design,Inquiry,High,Approved,,,,,,
SPM587SP19,closed,2019-03-31,2019-03-30,13,"['Category:Enhancement', 'DetectionPhase:Design', 'OritinationPhase:Design', 'Priority:Major', 'Status:inProgress']",,Design,Enhancement,Major,inProgress,,Design,,,,
SPM587SP19,closed,2019-03-31,2019-03-30,12,"['Category:Enhancement', 'DetectionPhase:Coding', 'OriginationPhase:Testing', 'Priority:Low', 'Status:Rejected']",Testing,Coding,Enhancement,Low,Rejected,,,,,,
SPM587SP19,closed,2019-03-31,2019-03-30,11,"['Category:Enhancement', 'DetectionPhase:Design', 'OriginationPhase:Requirements', 'Priority:High', 'Status:inProgress']",Requirements,Design,Enhancement,High,inProgress,,,,,,
SPM587SP19,closed,2019-03-31,2019-03-30,10,"['Category:Bug', 'DetectionPhase:Coding', 'OriginationPhase:Field', 'Priority:Major', 'Status:Completed']",Field,Coding,Bug,Major,Completed,,,,,,
SPM587SP19,closed,2019-03-31,2019-03-30,9,"['Category:Enhancement', 'DetectionPhase:Design', 'OriginationPhase:Documentation', 'Priority:Major', 'Status:Rejected']",Documentation,Design,Enhancement,Major,Rejected,,,,,,
SPM587SP19,closed,2019-03-31,2019-03-30,8,"['Category:Bug', 'DetectionPhase:Coding', 'OriginationPhase:Coding', 'Priority:High', 'Status:inProgress']",Coding,Coding,Bug,High,inProgress,,,,,,
SPM587SP19,closed,2019-03-31,2019-03-30,7,"['Category:Inquiry', 'DetectionPhase:Design', 'OriginationPhase:Coding', 'Priority:Low', 'Status:Approved']",Coding,Design,Inquiry,Low,Approved,,,,,,
SPM587SP19,closed,2019-03-31,2019-03-30,6,"['Category:Inquiry', 'DetectionPhase:Field', 'OriginationPhase:Coding', 'Priority:Low', 'Status:Approved']",Coding,Field,Inquiry,Low,Approved,,,,,,
SPM587SP19,closed,2019-03-31,2019-03-30,5,"['Category:Inquiry', 'DetectionPhase:Field', 'OriginationPhase:Coding', 'Priority:Low', 'Status:pendingReview']",Coding,Field,Inquiry,Low,pendingReview,,,,,,
SPM587SP19,closed,2019-03-31,2019-03-29,4,"['Category:Inquiry', 'DetectionPhase:Field', 'OriginationPhase:Coding', 'Priority:Medium', 'Status:pendingReview']",Coding,Field,Inquiry,Medium,pendingReview,,,,,,
SPM587SP19,closed,2019-03-31,2019-03-29,3,"['Category:Inquiry', 'DetectionPhase:Field', 'OriginationPhase:Coding', 'Priority:Medium', 'Status:pendingReview']",Coding,Field,Inquiry,Medium,pendingReview,,,,,,
SPM587SP19,closed,2019-03-31,2019-03-24,1,"['Category:Inquiry', 'DetectionPhase:Field', 'OriginationPhase:Coding', 'Priority:Medium', 'Status:pendingReview']",Coding,Field,Inquiry,Medium,pendingReview,,,,,,
